timestamp,latitude,longitude,altitude_m,CO2_ppm,PM2.5,NOx_ppb,SO2_ppb,O3_ppb,temperature_C,humidity_%,wind_speed_mps,rainfall_mm,emission_level
2023-11-08 20:38:57,37.76113978081345,-122.43707665551327,140.63,439.48,44.21,16.24,9.63,40.37,24.08,63.86,4.6,0.87,High
2022-10-28 15:14:46,37.779635440373326,-122.42410152034931,148.83,388.36,48.61,19.16,6.42,64.13,18.27,86.82,5.85,1.16,Medium
2021-05-02 19:27:46,37.78223054075302,-122.4150001336887,138.32,390.34,21.09,24.53,5.89,31.22,29.35,36.72,8.5,1.35,Medium
2021-04-14 15:14:07,37.777717758976216,-122.41856662959896,147.28,391.17,40.68,25.27,15.02,55.71,37.31,68.39,3.12,0.89,Medium
2024-01-25 06:08:23,37.770695260727024,-122.42766047301127,80.99,415.91,24.12,23.81,11.91,47.12,36.3,81.75,4.77,0.29,Medium
2025-08-05 02:43:39,37.7658888717196,-122.41695026296608,106.8,414.93,23.79,26.27,6.16,48.33,26.79,46.09,9.01,1.43,Medium
2024-04-05 22:38:44,37.77649364365207,-122.43127755101061,146.0,440.57,44.88,22.34,10.69,38.9,27.13,47.01,4.46,2.65,High
2021-07-28 06:32:00,37.76401740650168,-122.42231568845494,137.26,392.1,3.14,22.76,6.81,42.11,24.75,86.86,3.57,1.56,Medium
2020-04-17 16:57:51,37.76477504251355,-122.4115478290864,129.86,388.96,33.99,29.9,3.72,48.38,26.96,65.41,6.13,0.24,Medium
2022-01-06 23:04:51,37.79423692563579,-122.42344702230221,137.15,449.36,29.69,23.03,13.8,45.81,35.17,52.93,2.59,2.13,High
2022-04-07 19:40:32,37.770802880843505,-122.4186899459789,138.64,429.23,45.48,21.65,3.67,34.72,21.5,89.02,5.41,0.78,Medium
2020-12-05 04:31:58,37.76244828433366,-122.42824514589631,129.03,418.53,36.3,20.85,10.76,42.73,35.02,86.46,7.96,2.01,Medium
2025-03-16 02:24:28,37.7662568389895,-122.42718544558622,113.99,403.77,34.81,9.36,7.92,58.43,32.42,51.94,5.65,1.53,Medium
2025-07-22 13:29:37,37.794055714331,-122.41993031388162,143.43,381.64,11.76,13.22,12.09,56.72,35.28,47.66,5.24,1.72,Medium
2020-01-12 13:52:05,37.76970634801022,-122.43878173533884,144.98,411.83,34.13,13.23,3.46,40.53,21.39,65.62,9.39,2.09,Medium
2025-08-18 14:21:22,37.76050336060946,-122.41866681390545,141.42,421.41,45.47,28.53,5.12,58.82,23.87,79.51,8.2,2.6,Medium
2024-12-26 06:56:35,37.78683180715867,-122.41340144276889,129.14,405.81,37.11,10.78,3.5,46.65,18.72,60.61,5.66,0.86,Medium
2021-10-22 16:51:41,37.787804022426386,-122.42499237434355,88.89,378.6,53.72,21.03,9.65,32.29,19.71,37.84,5.55,1.62,Medium
2023-02-28 09:29:18,37.786707447790754,-122.42856670994951,110.73,380.7,54.94,17.33,7.05,48.18,32.29,71.31,3.16,2.86,Medium
2024-06-23 02:11:25,37.76913890714605,-122.40908615558142,81.01,359.69,32.15,34.98,7.94,35.67,27.47,44.53,4.62,1.2,Low
2021-06-05 03:33:51,37.769884504585065,-122.41436560337142,115.22,410.12,45.92,18.38,8.18,51.47,29.51,56.35,6.61,1.37,Medium
2022-11-05 11:02:00,37.79334762255296,-122.40318597432176,93.71,403.15,29.16,21.66,10.65,40.35,18.47,79.8,3.18,0.35,Medium
2024-02-13 10:28:55,37.78430284175216,-122.4072607627846,99.74,413.79,26.48,5.7,4.34,38.31,36.62,82.21,4.58,2.25,Medium
2020-03-09 16:48:19,37.78795829864431,-122.42659801595877,142.69,429.05,38.89,18.96,8.29,50.95,30.64,59.66,3.29,0.99,Medium
2022-05-04 20:22:15,37.78648472571179,-122.43575175587804,114.61,401.9,26.87,27.8,7.56,36.75,20.86,76.88,6.37,0.3,Medium
2025-08-10 08:49:26,37.783149689086265,-122.43614604877432,85.94,391.97,48.85,16.18,6.01,58.6,19.67,77.74,5.8,1.27,Medium
2021-03-07 02:44:12,37.77110808347126,-122.4165410789918,131.87,416.19,41.43,26.72,11.4,39.6,27.55,39.56,5.52,1.31,Medium
2021-12-13 12:46:20,37.75663603133193,-122.40241426679106,144.34,364.5,45.12,11.47,5.89,35.33,37.92,73.33,4.15,2.21,Medium
2022-12-10 15:07:37,37.77312627011143,-122.41459469608793,99.42,396.06,18.74,28.26,2.57,25.87,34.28,72.66,2.04,2.73,Medium
2024-06-18 18:04:46,37.79166706207342,-122.43609006319858,141.37,409.06,20.22,21.52,12.2,40.53,27.61,89.19,4.08,2.25,Medium
2020-06-27 16:12:32,37.7736477263918,-122.42280721990649,99.14,400.13,35.56,16.4,9.87,34.32,37.08,68.34,2.67,2.02,Medium
2021-12-08 06:25:57,37.775712308036155,-122.40850726433057,116.41,396.44,37.04,29.23,11.08,46.66,26.07,42.37,0.77,2.27,Medium
2024-02-11 18:38:37,37.779590548483895,-122.4001814909963,122.57,420.58,59.63,22.01,6.64,24.71,36.21,51.39,5.47,2.09,Medium
2024-04-10 23:16:09,37.78565670965262,-122.43675056088593,83.21,449.03,16.72,29.65,9.13,31.28,24.83,64.55,4.87,1.75,High
2022-06-16 07:03:39,37.78276005864909,-122.4229335514257,141.2,411.69,35.18,9.07,9.51,39.97,24.95,36.75,5.71,1.6,Medium
2023-10-14 01:48:13,37.76810398053241,-122.4265366894128,86.46,426.13,58.57,18.42,4.32,45.42,25.55,35.14,8.75,0.25,Medium
2022-04-15 14:55:21,37.7643446613247,-122.4090017836425,117.19,393.68,36.53,26.93,9.41,41.42,25.94,40.77,7.51,0.55,Medium
2020-01-07 21:25:43,37.764228656461995,-122.42568292542886,113.18,422.55,51.12,9.54,15.72,38.76,32.74,65.68,6.07,1.69,Medium
2021-09-05 05:51:25,37.779202208891746,-122.4296258737814,114.88,412.41,32.67,18.35,1.17,52.97,18.11,88.63,5.16,2.17,Medium
2025-09-02 14:10:07,37.77396477936506,-122.40585669765188,94.36,403.63,42.69,13.48,13.54,47.66,33.36,39.8,5.31,2.8,Medium
2024-11-03 00:05:49,37.77307071888877,-122.41745587528247,118.42,415.67,22.85,39.12,6.19,42.87,35.01,76.03,4.38,2.8,Medium
2022-09-02 11:34:34,37.79195797694359,-122.41053613796994,83.37,403.99,41.95,23.98,10.29,51.38,34.5,45.25,2.74,1.9,Medium
2025-04-25 12:41:24,37.78221928253669,-122.42132205594804,129.96,406.25,44.67,1.39,12.53,26.39,25.83,64.25,1.13,0.69,Medium
2022-06-06 02:06:50,37.76829622458629,-122.43382911709347,135.58,424.92,42.59,38.17,8.55,47.48,21.03,52.14,2.86,2.23,Medium
2025-04-22 01:09:04,37.789970625470474,-122.42571673005136,137.49,393.25,23.25,16.45,9.13,52.57,32.4,70.26,7.09,1.63,Medium
2022-11-05 19:10:09,37.768600970287146,-122.4303059606788,109.65,376.95,44.76,7.99,7.19,40.6,32.52,67.61,1.47,2.76,Medium
2024-08-05 07:41:48,37.777951534406675,-122.41513139814468,109.69,404.6,36.2,19.28,10.34,70.39,25.98,38.01,3.68,2.41,Medium
2024-10-09 02:51:24,37.78944072562452,-122.40248159072806,112.6,413.1,45.09,19.69,6.67,45.83,36.25,48.65,5.99,0.5,Medium
2024-08-01 16:28:42,37.78019057151678,-122.43887622173646,126.45,393.28,21.72,40.59,8.18,45.14,22.2,84.39,2.45,0.57,Medium
2024-08-19 17:00:13,37.783462367991596,-122.4182940907942,117.41,399.4,28.23,-8.55,6.93,47.38,24.69,39.15,7.66,0.82,Medium
2022-02-28 00:22:54,37.76114610389465,-122.4107611108461,126.12,418.04,21.45,15.8,9.47,32.78,19.99,48.37,7.36,2.57,Medium
2022-04-20 04:53:20,37.77115569233094,-122.42644039755572,86.08,417.82,51.36,26.16,8.99,53.7,32.08,85.08,6.44,1.01,Medium
2021-03-23 22:11:19,37.77986595631397,-122.42302353391234,118.64,356.16,28.46,27.77,7.91,41.64,18.45,49.78,5.65,1.9,Low
2020-06-22 10:45:03,37.760191048445016,-122.40337710795055,128.39,433.65,46.4,24.32,12.04,46.27,27.96,38.69,4.35,1.49,High
2023-07-21 09:21:20,37.76544735210539,-122.42874006426516,131.25,417.79,19.01,42.09,7.35,41.77,33.42,58.21,3.86,2.88,Medium
2020-03-21 03:50:25,37.75762998821416,-122.40591684037187,110.6,428.58,37.77,23.46,9.62,46.33,25.93,87.47,1.78,1.45,Medium
2021-04-15 19:18:34,37.7885611864124,-122.40554368602741,146.87,409.36,22.41,3.05,6.95,34.54,32.1,67.91,4.87,0.23,Medium
2021-05-12 11:50:29,37.75511015274234,-122.43527625015945,102.02,355.49,42.96,28.08,5.39,45.45,37.16,76.71,6.57,2.28,Medium
2024-06-16 05:07:24,37.791034552505444,-122.4135334032353,128.52,403.62,30.41,20.83,6.4,25.48,20.41,75.21,2.33,0.35,Medium
2022-07-18 19:38:34,37.767664018929736,-122.40624338103397,82.59,393.01,18.14,24.01,4.87,57.78,32.5,38.59,3.5,1.62,Medium
2024-06-25 12:17:32,37.79033910992945,-122.41476547247271,96.31,417.83,35.56,29.79,5.95,39.9,30.55,83.05,9.85,2.3,Medium
2020-07-20 04:00:29,37.755033854481724,-122.42070756933849,100.79,337.88,40.45,25.95,3.23,51.37,36.21,37.48,1.54,1.17,Medium
2023-12-27 04:36:42,37.77844216915893,-122.4001067793968,141.89,420.79,37.49,18.81,6.02,40.24,34.61,41.62,0.95,1.15,Medium
2020-01-26 02:55:05,37.7869307874852,-122.41420888308015,95.14,414.93,65.02,23.76,2.9,46.77,28.3,62.02,9.97,2.69,High
2022-06-13 23:46:24,37.77861759739367,-122.41619655168648,86.4,390.94,42.01,24.35,11.25,36.49,26.17,55.5,2.97,2.17,Medium
2021-02-06 04:59:47,37.782230350546385,-122.43635476562038,139.58,402.62,-6.77,13.04,11.62,48.43,24.96,72.29,5.87,0.8,Medium
2025-08-19 15:39:27,37.788923269163774,-122.4047082319616,129.59,412.56,45.29,28.07,12.6,38.51,35.62,82.95,0.78,2.48,Medium
2021-11-21 06:30:17,37.78761868096476,-122.40611463288168,115.52,412.01,37.29,20.37,3.92,52.46,30.68,64.7,7.91,0.32,Medium
2025-07-10 08:31:33,37.76857488664155,-122.41409512427464,145.24,388.84,37.33,28.59,4.92,46.33,24.92,69.15,0.93,2.61,Medium
2024-12-04 02:51:11,37.755883476658354,-122.43851505793883,102.65,382.5,53.79,19.47,6.33,63.81,23.47,89.84,4.55,1.35,Medium
2024-11-20 01:46:13,37.76410214732126,-122.43414659494363,140.76,410.77,37.92,17.25,12.65,33.83,32.49,76.02,2.4,2.6,Medium
2023-02-15 11:15:26,37.793627737116594,-122.43197897937188,140.8,370.72,43.49,25.78,9.38,51.08,30.52,42.22,0.81,2.76,Medium
2022-04-14 14:24:29,37.7595923275585,-122.43439256831189,127.99,366.04,31.21,14.07,7.96,29.09,33.95,52.07,4.82,0.03,Low
2021-02-14 14:30:37,37.766566503148375,-122.41160072455493,140.21,414.12,23.4,19.62,7.99,33.42,30.36,73.64,5.82,0.03,Medium
2023-01-02 00:32:40,37.76892507724837,-122.43807187564835,85.5,374.96,31.63,34.38,9.92,39.29,21.35,40.75,6.55,2.12,Low
2025-09-06 08:38:30,37.776551853412045,-122.41103757922195,140.97,414.31,45.74,25.08,11.15,39.65,19.6,84.21,5.7,2.45,Medium
2021-03-09 09:13:10,37.78389306239497,-122.41566885406759,125.52,459.21,29.91,17.17,1.92,50.71,26.67,37.4,2.04,0.06,High
2022-06-05 23:40:58,37.78091302745388,-122.43141830196284,127.62,409.38,31.91,6.65,9.2,51.47,32.85,58.4,3.79,1.11,Medium
2023-12-24 17:48:50,37.778047016342896,-122.42185538323241,130.77,426.97,34.54,18.62,10.65,51.52,36.25,46.59,6.42,1.89,Medium
2020-03-26 07:35:47,37.77897421534648,-122.41409837867094,106.1,360.59,3.68,23.03,7.68,37.64,19.95,57.28,6.13,1.74,Low
2023-02-07 05:16:58,37.76738592226786,-122.42343816215451,140.06,400.42,33.87,7.05,12.64,37.33,35.67,59.31,3.64,1.35,Medium
2023-09-01 04:19:07,37.779585799464165,-122.41112891132458,91.69,381.0,45.16,29.78,11.64,44.1,34.11,67.19,8.75,0.62,Medium
2024-04-18 13:01:08,37.77614678112004,-122.40193577230819,82.75,396.73,22.58,18.48,9.35,39.11,20.97,89.26,9.67,0.01,Medium
2021-09-18 06:30:55,37.77552384114317,-122.41984613678972,126.68,400.23,48.3,11.68,9.84,34.47,37.4,40.16,6.89,1.33,Medium
2024-06-15 01:00:54,37.79404525149602,-122.4244281293144,81.23,416.71,28.8,22.99,9.52,46.98,36.37,68.03,9.44,2.48,Medium
2024-09-26 01:49:05,37.767624462144724,-122.4047424532989,149.53,393.51,30.99,21.65,6.19,41.73,31.01,77.09,9.29,1.31,Medium
2021-02-13 08:22:18,37.78965602502163,-122.42437310992473,100.78,366.49,48.97,30.7,12.76,24.8,28.97,67.81,5.68,1.33,Medium
2025-10-11 02:07:45,37.78060303875789,-122.40902622688309,115.03,426.79,42.47,20.47,8.27,33.19,22.92,61.22,4.25,1.65,Medium
2025-02-12 10:44:20,37.76273111942734,-122.43909748500087,125.32,393.68,39.71,18.49,9.66,44.66,23.14,50.67,3.42,2.41,Medium
2022-08-16 09:35:29,37.78354602696893,-122.42849503997066,108.95,376.24,33.39,18.73,5.09,50.51,28.5,74.0,1.52,1.7,Low
2021-08-04 19:03:53,37.78713970199101,-122.41739093831374,83.04,411.8,36.67,29.65,9.15,42.16,22.24,68.6,4.4,2.52,Medium
2020-10-27 04:03:49,37.784178322703426,-122.40535302956589,127.0,410.03,42.04,25.45,7.27,33.72,21.06,47.94,8.76,1.42,Medium
2024-01-22 15:36:14,37.764109846737114,-122.43115255341925,124.66,418.36,18.77,25.34,3.35,38.82,26.92,74.85,0.65,1.02,Medium
2025-03-04 05:41:31,37.76586642666239,-122.43622322524044,86.0,447.41,21.79,14.31,6.24,43.02,28.38,38.72,8.1,0.7,High
2024-08-06 07:49:02,37.77621831146205,-122.42642664987538,103.31,417.37,58.36,17.92,13.18,45.96,37.15,44.64,7.06,0.6,Medium
2021-09-23 15:11:16,37.766934124334135,-122.40015054502622,113.24,382.98,24.04,17.74,10.6,52.64,22.87,71.94,1.38,0.77,Medium
2020-05-16 11:37:51,37.783249787909725,-122.43795358477901,101.22,380.35,19.03,5.31,9.52,33.97,30.01,63.36,9.23,1.49,Medium
2025-12-05 19:41:11,37.79212380858576,-122.43474534408458,137.22,346.18,46.03,17.68,8.8,48.22,33.8,51.76,1.27,1.21,Medium
2021-11-02 02:17:13,37.7939244080344,-122.41376111690619,137.57,399.37,44.81,31.12,9.67,45.1,25.97,43.05,3.99,0.2,Medium
2021-04-25 14:03:44,37.776881181435805,-122.40076711355387,110.27,367.2,35.77,4.2,5.18,43.56,30.82,46.88,6.39,1.95,Low
2022-03-05 18:33:09,37.76337021402662,-122.42001593651923,132.8,362.6,45.59,10.15,7.22,37.3,31.83,68.99,6.52,0.69,Medium
2024-07-28 19:28:51,37.78112894690247,-122.40547936459002,130.7,385.99,29.81,30.62,4.18,58.45,28.51,61.49,2.18,1.16,Medium
2024-07-02 20:53:37,37.7652925283498,-122.40898840707511,89.6,363.03,37.2,19.88,9.74,46.2,27.09,81.44,1.43,1.46,Low
2023-02-20 15:59:17,37.773940725174754,-122.42436446859416,107.61,375.67,52.65,18.33,5.99,55.4,31.76,59.07,2.92,2.52,Medium
2021-12-08 20:27:10,37.77471808413844,-122.42394604360607,111.51,409.16,31.92,28.09,7.61,38.96,18.76,76.04,6.76,2.41,Medium
2022-08-17 04:19:20,37.770403809259314,-122.42092212253316,149.41,398.1,27.67,29.56,11.73,22.97,34.61,38.78,4.53,0.25,Medium
2023-01-08 07:24:08,37.77017758558612,-122.43117250951218,88.5,433.2,41.67,23.65,14.5,38.56,37.6,68.1,6.03,2.24,High
2023-02-11 09:14:16,37.792023345613046,-122.43041537552624,106.05,423.2,14.15,4.42,9.74,46.48,22.81,41.68,2.38,2.66,Medium
2024-03-26 22:38:48,37.765237264811674,-122.41763933683269,124.52,409.31,54.19,29.0,5.6,47.95,32.56,40.94,7.01,0.28,Medium
2021-03-23 23:43:12,37.77143665797181,-122.40907259955694,132.04,357.06,24.69,21.95,11.01,47.05,26.68,43.85,5.8,2.44,Low
2023-05-03 00:03:39,37.76265815469071,-122.40420734056232,126.03,427.5,24.7,23.46,11.56,35.13,28.77,63.83,8.56,2.52,Medium
2023-01-14 13:56:33,37.785247055604444,-122.4122648470858,132.94,437.17,33.73,29.78,4.79,45.06,25.71,70.39,7.91,0.65,High
2021-05-06 20:53:39,37.762034903372296,-122.43823714478624,91.68,389.6,20.83,27.84,7.23,62.92,20.08,47.4,7.18,0.16,Medium
2021-02-19 18:48:45,37.76085998944597,-122.41158337406688,132.21,402.03,35.98,30.45,5.29,41.97,32.71,47.97,4.03,0.19,Medium
2023-11-15 10:56:59,37.76687774041968,-122.43246079702936,124.63,366.81,34.81,26.8,10.63,48.56,21.31,73.51,6.07,1.76,Low
2025-01-27 12:50:52,37.757145444136654,-122.40529087920497,95.79,401.22,26.7,2.21,-0.14,37.01,36.75,73.83,6.5,0.15,Medium
2021-03-01 23:56:35,37.78552051595965,-122.43304367329323,122.72,409.88,28.12,22.83,8.36,35.24,22.94,84.84,2.87,0.82,Medium
2025-10-25 12:05:43,37.76115527217614,-122.40527641506385,83.26,377.69,47.64,36.27,4.06,34.05,33.44,39.75,2.75,2.2,Medium
2022-04-24 14:47:06,37.770637913862544,-122.4062852649871,135.14,397.39,63.27,13.3,9.83,32.3,36.94,88.2,2.24,0.07,High
2024-04-10 06:21:54,37.77670422113043,-122.40017932711996,95.92,373.16,47.14,1.73,8.72,59.29,30.26,47.44,8.55,1.29,Medium
2024-02-22 15:56:01,37.75880250040957,-122.40492052366382,112.21,378.93,47.04,17.58,8.67,45.72,33.88,62.35,3.73,2.62,Medium
2021-04-14 19:21:14,37.76309525096603,-122.40428679687392,141.57,399.45,30.67,24.09,8.95,44.68,33.44,36.49,1.12,1.39,Medium
2023-01-10 19:34:05,37.769777306716676,-122.42133212723073,107.82,396.82,24.47,15.78,6.46,42.42,33.15,50.2,3.47,1.93,Medium
2025-08-18 09:59:19,37.777212807677174,-122.43275862746334,122.94,381.76,44.47,17.82,8.08,32.17,29.96,36.84,3.96,2.2,Medium
2022-05-04 05:45:53,37.78917495744301,-122.43469424047362,131.78,373.56,34.51,12.62,11.52,36.38,31.74,40.12,0.78,2.47,Low
2021-05-03 08:51:37,37.776531750199425,-122.41099028805506,102.0,409.09,50.81,19.06,1.63,38.92,27.88,80.55,3.68,0.52,Medium
2024-12-24 00:20:34,37.76057887959044,-122.42548234353671,111.52,419.09,50.08,7.85,11.73,43.97,37.58,69.88,1.7,2.03,Medium
2021-03-08 23:27:46,37.76189525748704,-122.40517050964377,95.9,430.63,28.89,26.22,12.13,55.13,28.25,51.79,2.52,0.1,High
2024-05-14 19:13:35,37.78974817929053,-122.40875740893858,135.19,369.7,45.01,22.18,9.95,35.34,26.94,60.32,8.71,1.64,Medium
2022-03-14 19:48:24,37.771757761663174,-122.43831299935636,147.64,403.75,39.66,14.43,10.53,49.95,37.64,69.17,5.81,1.88,Medium
2020-12-19 14:51:13,37.763637727315334,-122.43459011093952,84.78,357.49,41.34,25.96,5.34,38.44,35.54,83.25,3.64,1.02,Medium
2024-01-16 11:34:10,37.79471750064766,-122.4051721562465,116.5,403.72,23.87,21.91,10.93,50.01,35.58,66.45,5.42,1.29,Medium
2023-06-12 13:46:14,37.77897693724061,-122.4036990684018,111.04,440.31,50.78,33.12,10.23,45.75,20.08,56.15,5.13,1.96,High
2021-08-02 22:40:00,37.76565835783306,-122.42312112361462,142.4,359.95,44.68,21.65,7.44,29.07,27.01,61.01,6.41,1.41,Medium
2024-04-24 16:12:37,37.789065439906025,-122.43742012586024,138.33,387.88,44.31,0.93,3.68,40.08,18.89,50.28,8.26,0.85,Medium
2020-08-21 18:58:38,37.77789118217058,-122.4382132710774,127.28,366.43,34.23,15.28,12.44,37.91,35.65,71.9,2.95,2.02,Low
2020-10-07 04:07:24,37.78035605480734,-122.43735458474231,98.03,403.62,27.62,14.33,9.03,36.68,25.38,41.66,4.48,2.25,Medium
2020-12-26 18:14:40,37.79256902846476,-122.41265709413108,127.51,344.77,49.11,6.13,8.62,52.59,35.47,74.82,1.65,2.71,Medium
2025-03-16 07:01:16,37.78269529494704,-122.41810029202252,111.42,395.35,25.78,18.6,3.54,55.48,26.08,39.27,5.65,2.59,Medium
2025-12-12 01:31:02,37.77290493444728,-122.41622934584717,133.15,391.62,34.06,17.24,12.19,75.87,21.31,70.52,0.93,2.29,Medium
2023-03-10 17:27:34,37.768524166663255,-122.4365315244461,108.67,427.76,20.8,6.97,11.82,63.91,20.81,61.71,0.76,1.52,Medium
2022-04-26 13:53:42,37.770419470397876,-122.43299900254146,81.63,388.45,31.89,32.79,9.68,42.05,20.32,87.58,3.48,2.67,Medium
2023-02-28 08:48:28,37.766436217512755,-122.40095458058369,107.26,360.73,21.48,10.45,8.43,62.33,33.24,80.85,4.68,0.91,Low
2024-03-26 16:20:45,37.78199549286075,-122.42999851140785,138.15,455.78,20.1,21.33,8.97,41.42,22.15,78.03,7.48,0.9,High
2025-09-24 18:36:38,37.770705509730575,-122.43782161868435,113.29,361.89,37.89,22.13,13.31,41.38,33.88,50.17,8.83,2.83,Low
2020-03-19 15:43:43,37.785084848863946,-122.41972275599576,101.17,407.0,74.06,10.04,2.56,64.36,30.12,85.53,3.94,2.18,High
2024-11-18 18:46:46,37.77784115805822,-122.40115811425552,94.03,429.15,32.55,18.92,11.01,68.33,36.53,36.05,5.03,2.06,Medium
2022-03-22 09:41:20,37.769248621016686,-122.40722251169282,99.51,404.81,46.44,24.1,10.18,50.16,32.81,42.86,7.66,2.31,Medium
2020-01-04 02:01:39,37.77086400752295,-122.41047402054141,99.62,411.76,12.73,28.77,13.64,37.84,34.84,48.32,5.04,0.44,Medium
2021-08-15 01:38:02,37.78703930973188,-122.40223087785472,108.36,408.4,31.66,25.07,3.38,43.67,30.81,88.84,6.23,1.07,Medium
2020-09-22 16:54:22,37.78957733873408,-122.42124212607567,137.5,451.3,44.82,-0.19,13.4,37.33,23.8,65.98,1.64,2.75,High
2021-12-23 13:33:17,37.78785112360405,-122.41053113789131,99.01,374.15,24.56,18.29,9.68,38.84,32.3,67.64,9.01,1.75,Low
2020-06-05 11:56:28,37.79213549488244,-122.40633141360276,89.1,426.74,37.28,26.87,8.45,43.88,25.55,86.5,6.91,0.35,Medium
2021-01-28 23:54:09,37.76046463395564,-122.42923074465004,141.29,416.03,28.04,13.36,9.15,36.96,36.88,49.79,5.02,1.9,Medium
2024-10-17 04:53:47,37.770304804796105,-122.4047671933911,113.32,407.2,24.99,17.71,8.98,23.35,32.39,55.41,8.76,2.19,Medium
2025-01-04 12:22:44,37.75633754699687,-122.42361062584621,145.16,433.47,39.47,15.3,6.97,64.65,29.58,39.69,0.91,2.0,High
2020-06-22 09:52:43,37.75889467284545,-122.41187822224656,96.93,404.41,35.99,25.27,7.17,54.14,35.55,37.29,4.28,2.29,Medium
2023-01-08 11:26:53,37.75557790659558,-122.40859367152972,136.5,376.29,30.75,15.41,8.31,60.49,24.96,55.45,0.51,0.9,Low
2023-07-04 14:50:08,37.776778530054855,-122.40620947518849,122.43,376.64,27.01,22.5,8.45,38.8,19.19,71.94,6.03,2.97,Low
2024-08-20 17:10:14,37.777351741717936,-122.4083228795869,94.35,460.18,44.22,31.58,4.59,35.61,37.63,64.0,9.11,0.49,High
2022-11-01 16:46:51,37.76839360564068,-122.41040075320304,117.72,404.14,30.4,23.6,8.6,29.29,18.89,57.86,3.37,2.28,Medium
2024-10-21 13:04:05,37.76588815260192,-122.40712138036464,112.18,399.61,8.46,32.27,3.73,42.33,19.0,81.4,9.82,2.38,Medium
2022-12-12 05:40:15,37.780361545870136,-122.41947055998003,108.47,400.78,42.48,18.26,3.53,36.78,31.97,56.74,9.55,2.9,Medium
2024-10-08 03:46:29,37.78052460734196,-122.41273598083814,91.39,432.92,52.81,22.84,7.06,44.99,18.18,54.64,9.3,0.69,High
2022-05-24 09:59:39,37.78882168358406,-122.4102455423092,86.68,389.08,34.21,36.8,7.26,41.42,25.96,85.57,9.94,0.13,Medium
2024-07-17 02:19:19,37.785070598933885,-122.40266294271417,146.57,383.81,12.6,28.06,5.95,52.91,29.28,54.72,6.74,0.72,Medium
2021-10-13 19:51:22,37.7751383163094,-122.43056588868147,82.73,389.82,43.24,20.85,9.75,64.76,28.33,76.73,3.18,1.06,Medium
2021-08-05 20:13:03,37.78782643322835,-122.40384450303985,118.12,360.89,27.12,13.66,10.24,28.75,18.66,69.98,3.96,0.89,Low
2022-05-01 02:46:23,37.78796987072105,-122.43749434970253,130.87,383.68,49.56,20.51,11.93,38.96,23.8,86.21,4.22,1.64,Medium
2020-09-25 21:05:36,37.78382513095531,-122.43137758995708,94.25,398.78,34.66,18.24,6.22,35.34,32.63,70.23,4.45,2.28,Medium
2021-02-05 15:26:50,37.76216455871027,-122.42456235967369,143.14,385.06,52.07,33.91,10.94,45.85,32.19,44.2,7.92,1.75,Medium
2022-10-22 16:03:47,37.76676239648824,-122.41082303343714,133.13,379.79,35.4,12.35,1.07,46.57,36.66,80.51,7.12,2.14,Low
2022-06-01 14:22:57,37.784059242466235,-122.4049323638485,99.19,386.6,41.48,9.61,4.33,55.58,29.24,87.09,5.21,1.14,Medium
2023-04-18 16:18:42,37.78845989310872,-122.43894328066183,129.26,423.44,34.28,23.64,10.32,34.99,34.34,65.05,9.69,0.16,Medium
2020-05-27 15:05:39,37.76207022447631,-122.40739986072946,118.69,375.09,31.64,11.06,4.96,48.77,33.93,48.78,6.44,1.72,Low
2022-03-18 19:15:07,37.756973431964795,-122.4174456533969,100.13,420.25,22.65,9.18,3.43,56.13,32.65,57.25,1.15,2.35,Medium
2025-02-16 08:18:21,37.76819824628595,-122.43713657375413,106.17,404.0,41.02,28.94,12.35,41.4,33.02,40.58,3.14,0.83,Medium
2021-09-25 07:25:28,37.793984169322066,-122.43527514550367,118.34,366.85,35.53,23.03,9.02,32.12,22.09,63.58,1.2,1.82,Low
2021-09-03 15:01:59,37.77688425074123,-122.41180884603007,90.08,370.35,39.14,34.13,6.12,36.14,29.07,70.29,7.19,1.12,Low
2022-10-09 00:31:47,37.77824227869299,-122.41836975121763,97.47,397.72,33.39,11.94,4.11,50.07,36.78,35.37,7.84,1.88,Medium
2025-09-13 00:48:44,37.778217042272175,-122.42927593843281,111.52,397.26,40.97,16.92,9.26,36.36,32.97,85.3,4.62,0.78,Medium
2024-11-09 18:55:27,37.7794316673955,-122.41389247012415,96.94,396.48,28.96,22.11,8.88,42.66,32.77,35.76,2.86,0.64,Medium
2024-11-16 01:39:10,37.77325762066388,-122.41009066100855,122.47,385.5,37.87,24.0,9.42,45.76,22.01,68.92,7.56,2.21,Medium
2025-08-19 13:41:16,37.79173066433854,-122.4160220436097,117.68,418.57,25.57,8.95,8.91,52.22,33.75,59.99,6.49,0.75,Medium
2023-06-26 07:35:49,37.780872892983076,-122.40194877514124,84.48,386.26,45.32,16.9,7.86,45.25,19.12,62.01,9.31,0.32,Medium
2022-06-18 00:37:37,37.759375224661966,-122.41874302447125,135.06,352.01,44.71,24.37,12.08,42.61,18.16,85.85,4.71,1.66,Medium
2020-05-26 19:23:24,37.78802467316026,-122.4307575953502,136.65,414.23,49.79,8.72,5.66,37.61,36.07,39.27,8.37,1.05,Medium
2020-06-05 09:22:16,37.76869125680291,-122.42092626074898,109.02,372.7,7.14,11.47,5.7,59.78,27.79,58.63,7.54,2.59,Low
2024-06-12 17:29:21,37.776554784406294,-122.4255908018532,108.99,414.32,39.18,22.51,5.36,35.27,22.24,52.11,2.09,0.73,Medium
2022-06-15 23:07:42,37.777175137726886,-122.42276899585906,110.03,405.24,57.45,23.12,5.4,50.35,28.0,57.66,8.77,1.89,Medium
2024-01-21 06:23:25,37.77539139028974,-122.43482856920008,133.54,427.31,43.59,28.22,8.96,35.93,35.71,47.2,7.29,2.64,Medium
2025-12-09 23:55:00,37.773502209932026,-122.40443317271371,94.24,442.73,30.35,14.61,11.13,76.22,34.41,57.25,5.1,0.04,High
2025-09-08 17:50:47,37.76321825437158,-122.43772058284361,113.55,414.3,26.01,21.24,11.54,44.63,28.27,89.41,2.7,2.83,Medium
2021-03-19 02:53:13,37.769801330950386,-122.43665145289104,105.87,408.9,56.14,17.74,11.87,54.68,18.17,46.97,6.79,1.45,Medium
2023-12-02 23:14:47,37.75755853303105,-122.4087393980187,120.86,417.61,44.47,20.67,12.23,49.1,30.41,75.82,2.11,0.58,Medium
2023-06-26 16:15:22,37.77911647030031,-122.42207347554739,134.2,378.47,36.65,29.3,5.62,55.61,26.3,74.2,4.17,1.77,Low
2020-08-13 01:29:29,37.79121354055535,-122.41911761413044,93.15,405.56,29.25,29.25,6.74,56.08,23.44,73.08,3.01,2.82,Medium
2025-01-13 20:57:45,37.76364862451992,-122.4155878693629,98.52,414.92,47.53,24.3,10.14,52.6,21.75,39.86,7.14,1.11,Medium
2023-08-01 04:21:05,37.77150963889336,-122.40386143560308,137.7,424.5,39.27,17.16,12.26,45.68,32.72,59.0,6.83,0.28,Medium
2022-01-22 05:47:26,37.794855704481336,-122.42633443002296,132.37,364.22,39.42,22.53,7.71,39.96,20.6,36.23,3.92,2.35,Low
2022-12-16 20:34:21,37.75547525784289,-122.40882586454254,123.66,409.67,48.09,36.1,11.07,47.49,29.62,89.49,7.69,1.33,Medium
2021-11-25 19:47:18,37.78963643151766,-122.42423489366497,106.0,426.13,53.2,30.81,0.45,31.42,27.88,82.36,4.88,2.82,Medium
2025-11-11 17:26:54,37.78944565685187,-122.43499746863195,144.75,387.02,36.84,21.42,8.16,45.95,32.96,79.56,4.43,0.61,Medium
2025-06-18 14:16:28,37.79284977580599,-122.4369758036914,127.98,381.29,11.08,3.6,9.77,47.67,30.78,87.44,8.88,1.75,Medium
2020-06-02 03:53:25,37.784522588930386,-122.43560366234931,121.59,390.5,37.13,21.31,7.68,31.12,31.81,67.82,5.26,2.93,Medium
2022-05-23 23:08:34,37.76292211911381,-122.43075091963489,128.38,415.91,54.51,31.26,6.94,36.36,26.71,56.78,6.86,2.68,Medium
2024-03-14 10:33:49,37.77154872235381,-122.43267527486402,113.25,397.21,25.75,22.67,8.06,50.43,22.39,36.13,8.35,1.1,Medium
2023-04-05 21:03:30,37.7859721332856,-122.43634080178002,149.07,369.55,29.13,17.77,9.6,53.5,30.34,43.58,5.05,2.34,Low
2025-08-03 11:47:59,37.77441337274176,-122.43610910702891,112.17,422.88,28.41,19.07,6.09,62.39,29.49,71.7,7.88,2.59,Medium
2024-01-09 07:19:25,37.76270666068875,-122.41982429850373,131.91,391.97,-4.9,8.25,6.73,55.36,35.2,57.37,3.62,1.36,Medium
2020-08-13 12:16:48,37.761919665095256,-122.41669090728276,120.55,455.47,33.09,22.36,3.45,59.77,20.82,66.4,2.26,0.84,High
2023-03-13 21:33:15,37.76632830270644,-122.40231504872541,147.89,370.81,21.74,21.76,11.65,39.87,25.35,39.79,5.79,2.54,Low
2024-04-25 08:30:20,37.78986287093221,-122.42941324189039,98.43,413.37,49.75,14.9,9.38,24.13,19.88,61.74,9.25,0.12,Medium
2025-08-08 14:58:12,37.773622762169374,-122.4207480234824,133.24,385.38,34.46,10.29,13.82,30.99,37.99,77.32,4.28,2.48,Medium
2024-11-21 20:47:54,37.780764017757946,-122.43033035262371,126.9,438.36,32.87,22.44,5.27,52.23,36.57,89.8,8.06,2.26,High
2020-12-01 12:13:56,37.779232780000314,-122.42815800999333,92.14,388.66,49.65,16.1,12.29,38.85,20.51,77.5,2.75,2.03,Medium
2024-08-23 23:05:21,37.75754660755338,-122.43863378057794,137.88,438.35,36.65,14.38,4.39,50.05,23.31,68.63,6.95,0.95,High
2021-06-23 04:50:51,37.784462679037574,-122.428301412811,99.71,404.9,46.9,28.31,4.74,32.21,19.58,59.35,2.98,1.03,Medium
2020-12-08 23:15:49,37.79204522248462,-122.43692766157243,86.47,408.1,21.23,20.68,-0.97,43.13,31.24,76.31,7.66,1.73,Medium
2022-08-05 02:57:26,37.75712422086722,-122.4391248815112,94.87,359.24,23.61,33.98,10.8,42.63,35.91,85.0,3.48,2.07,Low
2020-06-25 01:29:02,37.76858430483455,-122.4222016952088,138.17,408.81,28.16,5.44,8.81,25.88,29.92,58.86,2.06,0.35,Medium
2024-06-17 10:47:43,37.784220004288905,-122.4130535458024,145.21,398.28,38.17,30.18,10.2,47.89,25.99,52.97,0.6,2.48,Medium
2024-05-26 12:52:54,37.76936165595016,-122.4357132816611,120.96,408.06,32.32,25.57,10.97,54.89,22.46,83.02,8.0,2.24,Medium
2024-06-28 08:38:30,37.786182030770554,-122.4297971703805,90.1,407.95,16.94,21.01,8.09,46.97,20.76,72.88,9.03,2.24,Medium
2025-06-03 12:15:07,37.761232156004226,-122.43732856445068,119.01,407.07,31.51,25.58,7.28,32.1,20.79,66.71,7.74,2.34,Medium
2024-08-03 05:04:21,37.75796273033735,-122.42256955192936,122.12,406.67,32.89,23.27,10.29,32.59,30.38,53.27,9.32,2.53,Medium
2023-07-15 18:42:46,37.78137110929887,-122.43632787806742,104.83,345.37,48.73,23.23,9.28,29.39,23.11,40.82,3.87,1.24,Medium
2021-05-16 14:46:03,37.777153120290286,-122.43823379255912,143.51,434.5,29.74,15.69,13.55,46.61,19.91,52.47,9.7,0.79,High
2024-02-08 06:55:43,37.791556821781285,-122.41398342572552,124.09,436.61,28.26,35.92,9.05,61.26,34.49,43.05,8.41,1.62,High
2021-12-04 22:05:31,37.77225082264072,-122.42941987681269,118.32,387.43,40.99,17.76,9.01,42.5,29.19,80.57,7.27,2.09,Medium
2023-01-09 18:04:31,37.781743726283445,-122.40718279827816,146.27,433.67,29.31,20.59,6.99,57.82,20.41,86.62,2.22,1.87,High
2024-04-23 01:44:55,37.77162579152652,-122.40910868086898,142.86,427.19,32.67,13.95,11.15,61.55,21.26,47.86,0.73,2.5,Medium
2024-07-23 16:01:11,37.756337207287444,-122.40232334614676,94.96,396.04,34.69,23.47,10.02,34.01,31.95,55.03,5.88,0.02,Medium
2021-11-27 14:07:06,37.76017861278496,-122.41887267664973,93.61,379.7,32.8,13.32,6.59,39.33,24.35,49.27,1.33,0.27,Low
2023-12-22 14:11:36,37.758240996587205,-122.43095496229768,132.67,399.73,27.11,4.54,5.97,51.73,21.23,66.46,8.15,2.28,Medium
2023-04-25 05:35:01,37.77123822325634,-122.41221211132667,83.97,340.74,33.84,16.67,5.16,51.08,30.83,49.29,8.92,2.69,Low
2023-09-07 18:18:37,37.76452126340721,-122.41250464626833,137.82,424.46,41.27,11.17,7.01,37.2,31.43,49.89,1.27,2.98,Medium
2021-07-04 18:41:29,37.768972200256414,-122.40893296495145,115.5,433.26,30.6,31.98,14.34,35.47,31.31,62.54,6.63,0.07,High
2022-08-01 10:54:20,37.78608066805697,-122.43875198410642,137.29,416.59,26.31,24.69,6.81,40.47,31.53,67.68,6.23,2.05,Medium
2023-06-20 05:27:24,37.75563544568607,-122.42083733242382,146.01,422.37,48.93,9.85,4.24,52.66,31.01,46.68,1.66,2.1,Medium
2022-09-16 01:31:25,37.77866567451026,-122.42294501714349,88.85,401.97,31.36,23.46,9.17,60.29,31.46,74.83,5.18,1.9,Medium
2020-02-15 11:36:27,37.76153604097483,-122.43841263371101,105.39,397.62,49.6,21.34,8.79,41.73,35.26,43.29,8.59,2.97,Medium
2025-04-24 00:44:35,37.77947943110047,-122.41615218305115,97.75,394.13,36.73,18.21,9.63,43.37,18.85,72.65,9.08,2.51,Medium
2024-07-14 14:43:16,37.78816073332449,-122.40266409831673,125.49,373.7,32.41,13.02,10.64,52.21,20.36,35.0,7.27,1.07,Low
2022-06-23 07:12:58,37.78784425683193,-122.4034484844105,118.72,388.91,49.34,15.68,3.96,33.68,19.62,80.63,9.78,1.21,Medium
2025-10-16 02:19:45,37.77345256998911,-122.4265989073375,113.35,398.44,33.55,3.95,8.81,55.57,31.89,55.06,7.52,2.0,Medium
2023-12-20 12:19:08,37.78706382678535,-122.42236249166132,149.63,402.95,32.94,29.0,10.19,44.19,33.93,47.79,2.65,1.65,Medium
2021-03-26 22:42:12,37.7765549768363,-122.43595871371868,83.99,351.21,37.35,12.77,3.35,47.58,30.76,80.1,0.9,1.49,Low
2025-04-06 16:41:27,37.79081741173775,-122.40700302318788,120.82,379.95,51.39,15.85,14.49,50.99,29.13,54.72,9.16,0.06,Medium
2020-09-22 21:56:51,37.781926516088284,-122.42356251095215,132.94,376.99,7.93,10.57,8.65,35.21,37.39,55.78,1.09,1.02,Low
2023-03-28 16:02:15,37.75946559877239,-122.40175806959846,141.09,407.7,34.64,13.51,14.66,35.29,26.3,75.18,1.79,0.59,Medium
2021-10-25 06:47:49,37.77095847116357,-122.42587662362534,88.88,343.93,21.59,17.13,5.48,51.76,19.17,65.38,6.15,2.62,Low
2022-08-24 18:35:49,37.77609881364086,-122.41226432457988,121.49,393.25,31.53,21.26,11.06,41.76,30.29,63.8,3.53,1.41,Medium
2020-04-22 10:01:43,37.791531529578165,-122.42500823625818,101.49,423.35,42.15,11.86,5.05,28.81,30.07,79.09,4.96,1.27,Medium
2025-05-25 09:32:09,37.787287001450636,-122.40137868716182,81.54,385.25,45.13,18.6,4.79,32.35,19.09,67.97,9.07,1.15,Medium
2024-10-01 11:58:30,37.787719503379215,-122.406346367562,121.16,438.23,48.7,15.53,11.81,47.13,30.63,78.14,6.19,1.24,High
2025-07-28 18:54:48,37.77776430597932,-122.43200646408212,84.17,435.01,41.65,7.64,8.4,39.07,26.84,43.99,2.25,0.61,High
2022-06-12 14:37:12,37.79299661223987,-122.40405741086519,98.94,405.87,33.6,8.86,11.17,72.51,37.89,46.1,2.95,0.34,Medium
2025-02-09 21:23:48,37.7807228872571,-122.43757659368205,146.22,387.8,44.85,6.9,8.36,48.19,20.85,56.02,5.77,0.23,Medium
2023-09-28 18:55:26,37.78553886299421,-122.42285285284059,125.71,403.28,30.78,20.47,8.16,49.91,37.26,41.31,5.16,0.51,Medium
2023-06-18 14:17:01,37.77840788073151,-122.43490542072203,103.24,391.91,52.36,31.73,11.81,40.38,31.75,87.89,7.44,1.47,Medium
2020-03-11 22:21:22,37.755567032539595,-122.43160906009251,136.73,422.69,46.26,12.63,9.18,22.1,19.36,44.97,9.59,2.67,Medium
2022-08-16 05:12:22,37.777642090224184,-122.43703291712545,124.3,356.75,57.6,18.04,5.0,31.42,32.62,73.54,6.1,2.82,Medium
2021-07-15 00:20:56,37.7628525624375,-122.42679957971266,95.72,374.92,32.8,6.64,8.14,43.93,24.61,75.96,4.42,0.59,Low
2024-01-23 19:36:53,37.771663978916685,-122.41542802851974,115.96,354.0,34.61,25.12,8.37,43.87,19.83,69.41,5.73,1.22,Low
2024-03-01 03:24:44,37.774680845004816,-122.43453218773092,121.17,367.52,47.24,8.18,9.33,57.21,23.91,49.07,3.61,0.49,Medium
2023-08-23 17:33:24,37.77710535147013,-122.41588033482144,109.85,381.87,37.4,8.09,8.28,37.81,34.24,35.76,6.67,2.01,Medium
2020-10-04 16:15:14,37.76105134822053,-122.40395314823776,112.1,360.92,57.84,26.03,9.44,46.99,37.94,74.61,3.23,2.64,Medium
2025-09-21 10:34:36,37.760425011725616,-122.40503552969412,115.0,371.68,44.11,26.33,10.36,36.93,22.19,88.71,6.63,2.8,Medium
2025-10-19 04:54:30,37.782566226074664,-122.40077444098932,107.55,357.68,39.58,13.43,9.59,61.22,22.14,62.75,3.47,1.28,Low
2025-04-05 18:21:58,37.75517258791601,-122.4184637125973,144.51,411.62,40.35,14.98,11.15,39.5,31.15,70.29,0.74,2.36,Medium
2025-08-19 07:17:27,37.778898714330445,-122.41997412538663,118.21,410.22,26.59,27.06,6.71,53.83,19.08,71.81,2.7,0.73,Medium
2025-02-28 02:10:37,37.75510558510342,-122.42158361915577,85.9,372.65,44.07,27.58,5.89,37.4,30.94,69.37,6.56,0.92,Medium
2022-01-27 15:37:06,37.770235885642336,-122.43266885645969,138.55,404.45,18.86,21.69,8.27,63.07,30.09,60.35,8.37,2.49,Medium
2023-03-20 13:47:30,37.760579770374086,-122.42723032544691,89.75,361.19,45.77,15.89,7.37,54.1,22.66,73.24,6.48,2.59,Medium
2021-08-08 19:48:12,37.79393115274196,-122.42463455224762,105.0,390.58,38.37,2.94,11.04,43.42,28.11,62.93,1.81,2.95,Medium
2025-02-17 04:13:24,37.77871465480628,-122.42279417384029,109.55,384.45,41.99,23.97,11.21,33.0,23.13,76.37,5.37,0.96,Medium
2025-01-07 04:04:19,37.7549657502845,-122.42434340149917,119.95,342.1,48.57,19.47,8.39,35.55,28.26,50.48,8.31,2.26,Medium
2022-01-18 06:00:32,37.78312250846599,-122.4270918874644,96.95,403.19,32.32,12.2,10.33,47.83,20.16,47.8,7.63,0.82,Medium
2020-08-18 21:12:48,37.772667336275134,-122.4123765290573,115.62,404.22,38.33,19.82,8.97,44.89,33.09,48.67,5.61,2.98,Medium
2023-02-11 20:25:13,37.78925045719355,-122.42636474629536,146.78,402.89,21.6,17.65,4.14,36.01,37.55,79.43,7.51,1.61,Medium
2020-02-23 16:37:13,37.78186070139536,-122.4056274054339,144.11,349.93,23.19,27.93,7.72,32.09,32.76,42.65,4.68,1.45,Low
2021-12-01 03:09:42,37.75547524943937,-122.40728074794764,148.66,402.18,64.87,17.29,12.74,61.42,21.89,59.6,8.38,1.96,High
2020-04-01 21:46:52,37.7709599044226,-122.40767485848147,95.44,418.84,26.85,13.41,10.39,49.51,20.32,73.83,5.29,2.49,Medium
2025-07-16 13:28:25,37.785618799122474,-122.4142573439741,124.33,438.83,5.22,25.75,9.63,49.71,34.41,65.9,6.88,2.78,High
2021-07-26 01:29:35,37.776977454442424,-122.42972647218338,109.82,405.46,35.87,21.72,10.16,46.07,29.73,63.93,7.71,2.14,Medium
2025-11-18 01:35:49,37.790247358707525,-122.42568281348963,127.87,390.86,33.18,8.83,9.77,37.76,20.94,51.39,1.35,2.73,Medium
2021-09-28 23:08:03,37.79194238239273,-122.43293221786904,147.61,395.12,42.95,13.54,11.01,46.22,29.08,64.4,2.36,0.5,Medium
2024-02-17 08:13:48,37.759496253734476,-122.43924651417969,115.14,441.79,56.12,18.84,6.96,29.93,35.45,39.79,5.13,2.07,High
2025-12-17 17:31:52,37.76251347900381,-122.402711176327,118.75,399.89,27.77,6.0,11.37,35.64,33.93,80.81,9.86,2.37,Medium
2025-07-14 13:35:15,37.75654272691162,-122.4096069969788,111.22,433.59,13.25,38.07,5.97,66.02,22.38,41.21,6.17,1.45,High
2020-04-03 19:03:25,37.79318539330159,-122.42231579818558,113.26,393.59,35.72,27.6,4.96,53.48,26.93,41.79,2.46,0.0,Medium
2021-10-09 22:14:12,37.781432428380164,-122.40583601204801,118.55,411.85,26.35,32.15,9.98,26.4,30.97,38.76,9.03,0.36,Medium
2023-04-27 21:29:52,37.7706454208111,-122.42046257362499,139.82,421.61,45.24,17.04,8.29,43.56,34.95,45.0,4.59,0.5,Medium
2024-05-09 14:02:28,37.76635894950979,-122.41867691339209,132.36,412.69,45.03,21.07,8.72,34.13,31.92,45.61,1.38,1.6,Medium
2021-10-17 16:02:30,37.77619883631536,-122.4168233364888,122.04,377.6,30.23,11.18,9.04,45.87,32.55,85.74,7.74,1.78,Low
2024-03-11 11:08:01,37.776046264159575,-122.42602229891527,116.35,413.83,28.42,35.39,5.68,28.11,29.16,54.09,9.36,2.77,Medium
2020-01-26 05:37:53,37.78939958487594,-122.42676011435499,139.65,388.22,27.83,21.35,11.54,33.01,24.75,44.88,3.17,1.37,Medium
2020-11-18 23:27:56,37.773172712182244,-122.40557330603605,88.0,417.94,28.57,21.32,7.87,59.48,26.05,58.37,4.14,2.16,Medium
2020-05-02 17:46:32,37.77063045940397,-122.41473149169413,140.26,395.81,50.48,9.68,11.64,29.52,35.7,47.72,4.34,2.98,Medium
2021-10-26 03:32:46,37.76628401529219,-122.41871162289226,139.37,371.44,47.09,14.81,5.53,35.5,21.44,65.1,2.06,0.19,Medium
2022-03-26 07:58:57,37.77548968775027,-122.4354168114584,81.12,395.03,33.75,23.15,5.79,46.81,31.66,86.29,5.97,0.38,Medium
2025-12-09 14:36:12,37.7808473181343,-122.40343004326843,123.65,390.1,25.79,26.11,11.38,35.86,33.13,61.08,2.65,1.85,Medium
2024-07-21 15:44:44,37.772613174815376,-122.40550922360148,94.42,385.6,33.36,23.13,6.24,54.94,18.18,56.02,3.37,0.11,Medium
2020-12-05 21:51:53,37.77974745288777,-122.43457013456413,148.39,394.2,19.09,30.93,7.84,43.41,30.57,46.83,6.46,2.77,Medium
2022-10-11 14:37:14,37.75745178225014,-122.4239110743516,99.79,377.68,51.21,27.09,7.81,47.43,34.04,58.9,8.76,0.54,Medium
2022-09-23 01:40:13,37.77065020566262,-122.41507154492933,111.12,378.98,44.0,18.84,7.04,32.29,25.1,57.0,1.05,1.75,Medium
2021-06-07 16:37:22,37.77167338721677,-122.41135609650543,108.75,397.54,32.08,20.02,11.21,57.72,18.77,55.25,9.8,1.26,Medium
2021-07-24 16:59:25,37.778182805244974,-122.40748781274635,140.51,362.03,3.43,23.11,7.72,39.85,35.26,61.43,1.15,1.65,Low
2023-12-26 22:53:52,37.75738820366103,-122.40649188313131,101.8,406.09,35.86,-0.4,9.33,54.96,30.3,44.66,5.38,2.15,Medium
2022-12-07 11:52:03,37.76993409860728,-122.40657821409016,80.5,350.5,28.98,19.43,6.07,37.28,32.11,63.69,1.68,2.88,Low
2025-05-21 16:08:16,37.78587942412479,-122.43402266290522,112.74,368.06,19.29,35.48,7.52,54.37,28.71,61.23,4.2,2.66,Low
2020-07-26 20:27:15,37.79338233995766,-122.41904163838312,111.7,406.09,21.92,12.12,5.09,46.11,19.65,43.5,4.68,1.53,Medium
2023-04-12 12:33:20,37.77378905703025,-122.41088470522621,107.5,384.34,25.39,9.88,9.57,57.31,36.75,72.38,5.92,1.83,Medium
2022-04-09 16:26:46,37.77626558784543,-122.41186646353813,132.41,410.46,31.08,19.39,7.56,41.9,19.81,71.74,1.77,2.56,Medium
2022-03-23 16:00:14,37.756057772669735,-122.4298141686017,82.27,384.97,37.13,3.2,6.2,55.98,32.11,45.31,7.63,0.71,Medium
2022-11-07 21:17:47,37.793578740584735,-122.41655203264148,140.44,405.24,21.9,21.87,11.11,36.64,19.85,60.18,4.25,2.6,Medium
2025-08-19 02:17:04,37.77545821786763,-122.41179507529272,138.62,435.61,43.65,17.38,6.99,41.5,23.34,41.57,2.69,0.32,High
2020-01-07 11:41:04,37.78334640350111,-122.43912813805655,133.47,438.06,35.92,37.69,9.06,40.53,18.05,81.75,4.12,1.49,High
2021-06-18 05:44:57,37.76603070643275,-122.4235832691903,128.1,433.74,31.01,30.14,9.18,43.29,31.54,41.55,1.15,1.45,High
2020-07-13 23:01:03,37.75848264097265,-122.41078543539084,98.98,419.98,46.23,20.04,7.27,42.76,26.89,51.68,7.31,1.08,Medium
2023-09-08 12:03:45,37.78869456341642,-122.42501297755108,128.11,425.53,30.24,18.65,2.84,35.84,31.87,77.14,3.39,2.43,Medium
2022-12-26 11:23:04,37.78261680916899,-122.3999052611075,95.76,427.1,54.25,23.38,12.67,43.0,24.68,66.86,8.95,1.71,Medium
2021-04-02 02:07:30,37.76421434227505,-122.41971993082271,101.72,355.82,35.21,9.25,4.54,36.55,27.28,42.33,9.31,2.6,Low
2024-07-27 13:05:37,37.78721829312436,-122.40868941529142,87.98,425.88,40.35,34.87,10.95,62.18,18.69,70.14,1.27,1.31,Medium
2021-10-27 15:43:17,37.76371309573751,-122.43527133404484,120.95,337.69,72.11,8.28,4.36,53.7,36.21,58.96,1.73,2.23,High
2024-11-26 12:26:25,37.7651991686597,-122.43397354131358,98.2,414.4,33.21,28.98,9.11,38.77,32.72,50.13,6.57,1.02,Medium
2023-03-24 19:10:32,37.79482799630663,-122.4364015982612,95.61,408.46,14.13,11.58,10.26,48.59,28.28,64.66,2.92,2.3,Medium
2022-06-20 02:50:01,37.787955612464025,-122.4113400359414,112.15,397.39,27.38,26.21,7.83,31.1,28.51,38.63,9.74,1.08,Medium
2021-05-14 20:44:25,37.783512892421165,-122.42867427081552,102.1,426.02,39.2,13.25,8.31,40.17,35.39,84.0,4.77,1.38,Medium
2024-02-22 05:25:57,37.77781042131821,-122.43391091413532,145.64,381.64,10.76,10.44,11.71,52.2,18.5,74.64,5.38,1.82,Medium
2021-09-16 08:14:29,37.7851658619741,-122.41610259692446,93.06,366.25,29.1,16.12,8.37,38.74,34.81,35.96,0.97,1.72,Low
2025-05-01 08:56:26,37.76586851556497,-122.43833566535689,131.47,429.71,57.19,26.74,11.49,39.2,20.52,42.14,6.92,2.58,Medium
2020-07-10 09:51:24,37.75912601381796,-122.40688596113853,120.51,371.09,50.54,24.35,10.54,50.14,19.12,76.11,8.58,0.86,Medium
2020-01-17 00:52:51,37.79305747010106,-122.43100327817007,135.22,382.49,43.18,16.02,8.4,41.59,36.42,88.68,2.61,0.62,Medium
2022-01-19 21:14:15,37.77785716544492,-122.42536889507959,138.29,399.71,45.58,19.89,7.52,57.52,23.18,83.33,2.37,2.84,Medium
2021-09-07 03:19:49,37.78225900519661,-122.43179088276719,116.46,380.64,34.33,15.76,11.08,50.34,28.27,40.9,4.52,1.36,Medium
2024-04-05 20:35:35,37.7583713181626,-122.42992602117613,91.55,467.31,31.16,12.83,5.85,38.12,19.09,35.97,1.48,0.52,High
2020-12-19 08:30:13,37.76856995369304,-122.43206305426008,80.48,448.61,30.85,16.23,6.95,41.66,22.47,82.14,8.26,1.35,High
2024-07-14 22:11:34,37.77783727301423,-122.43546620313639,111.45,414.37,42.65,9.29,11.19,44.27,23.43,35.2,2.04,1.05,Medium
2025-08-10 14:28:03,37.779970133941696,-122.43355613737835,137.61,417.48,20.4,33.03,3.18,42.56,34.39,89.96,2.51,0.8,Medium
2025-01-28 19:36:07,37.77501502080263,-122.40759558869892,89.5,410.86,28.92,13.21,7.15,40.01,34.32,55.81,1.34,1.03,Medium
2025-03-14 03:24:50,37.761561540539894,-122.39995292810865,137.46,391.53,32.93,25.8,8.41,57.28,26.92,73.97,7.45,0.52,Medium
2020-02-05 06:05:53,37.77629197865125,-122.39955102027821,113.22,399.71,31.67,30.33,9.27,58.1,35.73,57.6,6.24,1.89,Medium
2021-02-21 03:39:51,37.75556686202399,-122.40445862943018,96.55,417.16,24.93,20.54,1.94,59.42,20.88,35.47,0.69,1.76,Medium
2025-03-18 09:28:38,37.784756793200394,-122.4335793079845,141.46,387.19,21.14,16.64,5.6,25.2,19.39,66.8,6.18,2.22,Medium
2023-01-11 22:32:42,37.78294576879867,-122.43717088057195,143.82,401.74,57.82,11.48,7.49,52.06,36.09,35.04,6.14,2.16,Medium
2023-10-17 22:28:57,37.79149368599407,-122.42598372746014,146.66,390.0,61.59,24.45,4.78,46.25,25.52,40.45,6.42,1.34,High
2024-07-27 08:14:51,37.771153289238555,-122.40233658467126,129.73,413.97,3.53,10.12,10.87,35.76,37.32,44.61,6.66,0.74,Medium
2025-04-05 00:26:27,37.77947997841021,-122.40370123624191,85.5,405.07,20.91,13.69,10.69,56.3,22.24,48.14,3.17,1.23,Medium
2021-09-11 15:09:48,37.79352439325524,-122.42573718451874,103.7,392.65,38.25,23.47,6.47,40.16,30.45,51.99,4.0,2.31,Medium
2020-01-21 09:58:05,37.775709278420166,-122.4379154672015,85.65,403.09,49.52,28.82,4.57,38.62,34.27,46.94,5.65,2.9,Medium
2024-09-21 10:04:34,37.777597728320934,-122.42431969152165,147.55,383.02,16.61,20.22,9.07,27.98,32.03,35.79,0.97,1.8,Medium
2021-05-20 12:20:28,37.78344825034707,-122.40667417675489,126.71,400.46,39.06,16.18,6.06,34.37,34.38,64.51,8.67,0.64,Medium
2020-09-19 02:11:29,37.75781593807487,-122.41432668382339,97.72,412.97,40.95,20.01,9.24,61.04,20.65,65.08,5.69,0.27,Medium
2023-10-07 13:31:23,37.75806304083907,-122.42149988441201,87.13,392.87,35.37,18.97,6.23,47.88,23.48,52.6,7.75,2.41,Medium
2021-07-04 04:59:54,37.772001674214394,-122.43296558826059,129.02,389.89,38.19,30.89,8.08,45.23,37.01,64.46,4.24,2.54,Medium
2024-02-23 13:32:38,37.7770675060402,-122.4158839070042,145.42,418.44,39.78,21.72,8.62,53.01,28.56,65.66,9.79,2.32,Medium
2022-11-16 16:15:06,37.76782580869118,-122.41763565504242,118.62,381.23,10.47,19.21,9.13,36.4,27.16,76.77,2.46,2.13,Medium
2024-06-03 19:05:38,37.76844931823098,-122.41685051594219,94.35,379.73,30.74,23.32,6.98,53.67,32.45,52.56,9.11,0.38,Low
2020-08-04 15:23:44,37.77823104788557,-122.41000962844602,102.51,399.66,45.38,15.67,7.84,47.15,22.04,41.05,4.14,2.51,Medium
2020-07-04 22:18:11,37.778425042618714,-122.41272137186051,94.05,443.69,32.6,21.99,10.93,29.87,30.77,73.47,1.56,2.55,High
2022-11-28 23:01:58,37.78451513187764,-122.43467975893522,132.96,412.98,23.27,24.37,5.62,65.2,22.06,76.01,9.96,2.0,Medium
2024-12-20 11:31:49,37.784096940771434,-122.40385013932745,84.32,401.5,18.06,18.09,13.79,53.59,24.05,60.3,3.15,1.11,Medium
2021-06-22 13:02:11,37.76173254825225,-122.43149238787542,102.32,366.5,40.19,14.55,10.9,54.94,33.65,86.56,7.07,0.47,Medium
2020-02-12 11:56:42,37.75780089267818,-122.4112687978383,108.18,434.35,37.73,25.09,5.53,32.81,26.05,37.82,5.22,0.37,High
2023-11-04 04:32:48,37.76561771000428,-122.41859221569104,119.6,370.68,14.18,16.28,11.58,45.49,27.87,35.22,5.26,1.15,Low
2021-04-19 15:59:10,37.7716792594036,-122.42377225851595,126.61,344.4,26.99,14.56,8.01,62.66,26.3,44.31,2.28,0.03,Low
2025-12-25 18:38:54,37.76638659060522,-122.42629011096415,88.09,389.22,33.75,21.95,9.76,64.38,21.81,60.41,9.08,0.15,Medium
2025-11-27 07:43:28,37.79253519625366,-122.41256540451992,126.51,333.54,49.82,18.61,12.2,60.97,34.99,64.77,8.14,1.53,Medium
2020-11-20 00:39:31,37.78960892611221,-122.42211535052792,147.66,371.64,33.18,24.18,7.62,53.01,35.63,54.26,1.29,2.17,Low
2025-06-11 15:07:38,37.774310669693705,-122.40828362373006,106.77,390.2,10.13,12.38,9.32,22.55,34.18,54.9,5.48,2.01,Medium
2024-09-01 16:28:12,37.77798746704894,-122.41349119782318,82.05,404.81,63.71,3.21,10.05,43.85,27.33,37.9,0.86,2.15,High
2025-04-07 20:25:13,37.7846900292652,-122.43267053683566,93.3,414.17,13.45,17.36,10.2,32.26,31.02,80.35,4.47,0.22,Medium
2025-11-24 00:57:28,37.794873451199344,-122.43238663034492,80.71,410.38,28.66,4.51,2.11,34.85,34.97,84.83,5.65,1.89,Medium
2021-12-28 14:30:39,37.7750487773836,-122.40619188462617,126.48,383.54,41.1,18.49,8.7,54.01,28.6,36.53,2.84,1.38,Medium
2025-03-13 06:36:54,37.777498104306105,-122.43587431026437,108.96,420.7,47.85,3.4,7.93,56.22,31.68,83.53,2.43,2.62,Medium
2020-03-24 23:07:37,37.77144931590322,-122.4274300632296,132.37,395.33,27.62,15.13,7.23,42.88,24.22,83.73,7.86,2.21,Medium
2025-10-12 10:51:34,37.76835382906862,-122.4159300752413,87.2,382.01,52.62,19.7,12.5,50.72,23.04,61.99,1.22,1.85,Medium
2023-05-23 08:57:58,37.78986675685928,-122.4110823633704,129.96,380.57,44.39,10.12,6.8,41.6,37.99,69.23,4.59,0.86,Medium
2023-02-18 06:57:48,37.75621426790962,-122.4194332066695,122.04,403.16,32.0,25.9,4.78,63.96,35.04,54.61,2.98,2.84,Medium
2021-11-06 05:58:40,37.783458317914594,-122.40241365561671,116.2,396.9,35.91,11.8,8.74,35.05,27.65,69.24,0.6,0.58,Medium
2021-04-16 10:38:48,37.765978184724986,-122.43676807128818,129.42,385.31,18.41,27.67,7.59,34.15,28.49,87.96,6.27,2.95,Medium
2022-09-12 02:03:35,37.77728467422579,-122.42822619236274,104.42,393.22,51.18,25.7,8.56,30.49,32.74,69.5,4.98,2.88,Medium
2024-05-17 20:43:59,37.78830976240636,-122.42478532633797,138.91,422.7,36.48,19.01,7.37,52.47,27.2,68.38,2.29,2.41,Medium
2024-12-07 08:24:32,37.77726546625852,-122.41928866232612,90.11,408.14,11.83,14.61,15.65,51.5,18.17,76.86,7.27,1.1,Medium
2025-04-05 20:16:21,37.77921451296324,-122.42326542779894,127.35,412.27,29.27,22.62,5.58,57.26,29.0,59.88,2.11,1.91,Medium
2025-08-20 07:23:02,37.79016835878554,-122.40172377650958,131.77,380.33,38.05,15.03,5.59,20.45,18.98,45.51,8.01,1.36,Medium
2022-03-17 02:47:13,37.756064951399566,-122.4086356902597,143.13,447.5,10.87,-0.71,14.19,52.53,35.99,78.01,2.36,0.26,High
2020-05-06 00:05:49,37.7840397573539,-122.43141321047837,105.99,385.72,56.42,20.11,7.33,35.71,27.7,64.75,8.27,0.52,Medium
2023-06-11 11:41:49,37.78288111481611,-122.42291929044192,89.69,407.7,59.82,8.82,11.61,46.8,19.71,59.74,7.69,2.38,Medium
2025-03-24 10:14:44,37.79084387642276,-122.40354973134113,128.0,420.95,30.19,26.53,6.36,38.25,26.36,48.82,3.55,0.4,Medium
2022-01-02 23:00:18,37.76876875044944,-122.40954191484572,142.55,380.87,49.03,14.73,9.39,41.37,34.15,48.55,1.1,0.4,Medium
2024-08-13 23:53:25,37.75663733428943,-122.42895886433857,141.3,378.28,69.09,33.07,3.19,37.16,31.63,46.43,8.09,2.41,High
2023-10-10 18:00:55,37.779301733818315,-122.4241006215767,101.32,387.96,18.16,22.95,9.3,36.02,22.55,53.66,5.23,1.32,Medium
2021-12-10 10:38:08,37.76105852954666,-122.41118574519223,97.05,379.54,64.1,13.33,12.2,48.67,18.35,65.23,8.65,1.42,High
2023-02-11 09:23:55,37.7613393772675,-122.41687342446184,146.06,404.38,23.42,19.43,11.39,28.9,29.16,51.74,1.32,0.0,Medium
2020-11-09 05:54:33,37.79486829195774,-122.42792613417411,99.63,382.57,31.44,17.59,10.74,38.31,36.12,88.63,2.71,2.64,Medium
2021-04-16 20:27:03,37.78034422538575,-122.43281076415676,110.09,424.99,24.22,22.09,7.93,43.41,27.64,62.67,3.5,2.19,Medium
2021-07-09 01:59:45,37.78892320789227,-122.4173781879752,137.81,387.83,25.05,7.16,6.95,25.42,23.71,87.89,3.47,0.29,Medium
2020-02-13 13:10:27,37.76367557556785,-122.42082599000472,110.33,416.07,44.65,5.29,5.56,55.72,19.04,35.71,8.06,1.43,Medium
2024-01-04 03:53:57,37.789280119025,-122.41100859799104,113.76,382.05,40.35,20.15,6.43,50.39,22.27,72.19,4.35,2.79,Medium
2024-05-12 07:09:45,37.76943290288345,-122.42378848365347,87.43,369.58,46.78,33.74,12.83,54.65,28.29,53.2,8.46,0.93,Medium
2024-06-14 03:25:46,37.79215961547676,-122.40306359570926,134.69,421.56,18.07,26.43,8.72,52.33,19.44,85.0,9.6,0.23,Medium
2020-04-23 14:12:24,37.76208604871822,-122.4162771159195,147.06,378.71,35.08,7.75,11.45,42.95,21.86,45.51,7.8,0.8,Low
2020-01-09 09:54:03,37.77351947889759,-122.40167216601226,145.22,427.96,28.16,10.57,8.1,33.1,27.21,84.54,9.34,1.15,Medium
2021-01-22 07:41:57,37.76770238256734,-122.42252903032255,96.08,367.15,44.52,23.35,9.08,18.96,37.56,46.03,2.55,0.88,Medium
2022-04-08 03:26:43,37.779513913625145,-122.42292213805551,145.41,386.86,58.99,29.12,7.7,40.18,30.98,73.39,6.56,0.96,Medium
2024-07-28 18:23:18,37.77272767160987,-122.4374260174521,119.85,434.36,27.48,26.34,3.03,43.38,19.45,50.97,8.88,0.44,High
2025-11-15 15:15:01,37.764617814467485,-122.40306538958347,86.52,400.31,46.99,19.34,4.71,62.94,23.86,55.63,5.33,0.96,Medium
2025-11-12 14:17:27,37.75995856981614,-122.4056978199414,105.35,390.53,59.99,23.45,4.17,43.71,28.93,58.98,7.61,2.48,Medium
2025-08-25 18:01:21,37.77636430037055,-122.40200711838224,138.45,383.71,29.2,26.73,4.85,19.68,21.15,36.71,9.5,0.72,Medium
2025-03-06 21:13:35,37.778089484597594,-122.41271852571498,143.81,429.89,16.77,24.04,9.88,32.6,28.67,35.01,2.79,0.62,Medium
2022-09-26 08:38:25,37.76256085288201,-122.41922946156828,140.6,362.43,32.85,19.12,11.88,37.51,29.01,79.92,9.62,2.38,Low
2024-11-12 13:03:32,37.75501646871336,-122.4390232057611,136.62,418.95,18.92,28.85,7.58,51.01,28.12,35.99,9.36,0.23,Medium
2022-04-17 13:00:16,37.77438330177294,-122.4042699012907,116.91,361.3,34.65,26.2,4.86,44.74,34.05,48.58,9.05,2.73,Low
2021-12-16 13:28:23,37.772902077222156,-122.42588731826713,107.17,403.53,33.97,17.41,8.04,51.44,19.17,85.66,8.81,1.71,Medium
2023-12-02 18:23:44,37.781059768856814,-122.41465659403711,101.69,385.32,37.69,24.01,6.98,36.16,29.85,80.96,0.91,0.71,Medium
2020-06-08 11:52:13,37.79326096703892,-122.4148639261391,98.32,412.15,31.1,32.96,6.15,43.31,21.83,63.44,9.13,2.41,Medium
2020-07-10 22:44:39,37.77626144452819,-122.40422149225952,108.7,419.22,25.68,19.74,5.19,33.16,36.9,50.55,4.88,2.01,Medium
2025-10-11 12:08:30,37.78166214061268,-122.4343486610966,146.2,408.79,29.36,21.64,7.67,54.53,22.38,59.37,6.37,2.31,Medium
2020-12-21 21:33:14,37.787810409721295,-122.4186670430784,112.33,420.66,44.13,6.06,6.18,60.68,30.58,73.46,7.26,0.16,Medium
2022-06-14 23:12:42,37.79037326157876,-122.4242660967327,132.48,398.63,23.93,20.06,3.56,40.12,33.6,77.42,2.67,2.77,Medium
2021-09-25 16:05:25,37.791481046152086,-122.43487788128661,133.02,364.09,43.58,24.75,7.02,50.33,22.49,60.6,3.02,2.2,Medium
2021-07-10 05:13:48,37.792259496740506,-122.43205681490579,97.69,357.09,18.54,18.31,12.27,39.64,28.18,43.11,6.31,1.7,Low
2020-01-20 06:26:46,37.79274302472275,-122.42961137611904,89.21,381.06,42.55,17.48,7.51,44.75,26.85,37.53,5.67,1.02,Medium
2023-09-03 21:54:13,37.78137606305888,-122.42203804526086,137.36,354.92,38.21,21.03,6.96,43.66,34.25,81.94,9.19,0.8,Low
2025-11-10 16:35:55,37.75665524353475,-122.41058507149071,111.11,403.59,25.8,15.17,6.66,32.85,27.7,54.52,3.55,2.89,Medium
2021-07-10 15:09:49,37.781294794673165,-122.4221366268353,133.45,401.87,47.42,22.24,8.77,25.26,37.24,65.11,1.11,1.93,Medium
2021-10-03 16:18:59,37.76886209697847,-122.40075097097176,136.11,417.02,17.83,27.21,12.46,33.94,19.44,49.12,7.28,1.44,Medium
2020-02-05 13:41:14,37.78572767883041,-122.42883948615712,80.38,376.61,38.16,26.45,6.82,50.54,26.05,46.43,8.23,2.23,Low
2024-10-27 11:45:30,37.76350975282004,-122.40493500199663,145.95,365.58,8.79,22.19,10.55,32.25,28.67,86.92,4.26,2.08,Low
2020-11-03 08:37:21,37.781921294744805,-122.40830669943671,118.97,405.6,28.63,24.44,5.51,35.04,23.39,71.01,4.21,0.58,Medium
2025-05-09 12:10:15,37.79093630921068,-122.41243252204681,124.33,419.29,37.63,13.27,0.69,51.84,29.78,39.91,4.59,0.52,Medium
2021-07-02 17:49:10,37.766215436391455,-122.40360523197178,81.69,432.56,24.33,31.06,14.17,52.78,20.57,36.01,7.05,0.9,High
2020-12-23 21:53:04,37.77830311265493,-122.41887319934678,114.7,414.86,28.57,18.33,7.59,36.52,25.12,63.39,3.4,2.06,Medium
2022-04-03 16:43:31,37.783464765637,-122.43155062873248,128.31,365.46,13.42,2.21,6.45,41.99,31.27,71.62,3.22,1.38,Low
2024-10-27 11:00:02,37.775718243685574,-122.40496756549253,80.38,384.21,31.78,32.0,9.72,49.55,33.21,44.25,8.42,0.59,Medium
2021-09-26 02:37:23,37.774789633915226,-122.43564036282334,100.35,408.65,47.93,28.56,8.5,48.39,31.96,51.03,3.69,0.93,Medium
2020-01-13 19:09:23,37.75541061706072,-122.40453792574166,111.27,408.51,24.28,16.9,7.47,16.0,26.07,72.33,4.5,2.88,Medium
2022-12-07 23:21:44,37.76837390805789,-122.41662070447454,140.28,390.04,40.83,24.05,13.97,46.63,36.93,57.82,3.61,1.82,Medium
2020-08-20 15:20:44,37.7558027433281,-122.43488567421149,122.66,373.44,28.2,26.77,10.24,38.22,19.13,55.32,5.31,1.68,Low
2021-03-02 00:49:23,37.788738610243946,-122.42229977185146,99.06,427.62,30.43,18.84,4.5,39.49,21.91,80.47,8.39,0.88,Medium
2020-02-19 13:19:41,37.784836253776206,-122.4009466147522,112.13,399.77,24.54,21.83,8.07,72.77,35.11,64.19,2.92,2.03,Medium
2022-04-22 23:45:34,37.78013404154581,-122.42541659216862,100.49,359.44,21.76,15.79,10.33,40.55,37.03,69.23,7.21,0.89,Low
2025-04-27 10:15:58,37.783119866077385,-122.4125288291898,107.6,406.39,58.9,23.14,12.77,39.31,28.44,39.08,2.32,2.52,Medium
2022-02-17 17:00:18,37.78731746342463,-122.42442776026374,96.19,377.55,47.95,24.04,6.29,50.61,34.81,81.62,7.83,2.64,Medium
2020-07-14 10:52:47,37.79097664431352,-122.4235125245473,97.17,393.66,12.11,15.61,11.3,43.11,29.32,43.65,7.06,1.54,Medium
2021-08-12 08:40:17,37.7909471049287,-122.40937323942873,114.2,359.11,46.62,19.11,7.13,39.47,18.48,59.75,3.66,1.31,Medium
2024-06-17 22:53:35,37.7742408826946,-122.41198237910514,134.53,403.84,50.68,22.32,6.44,50.17,20.2,74.67,1.99,2.55,Medium
2024-05-17 08:05:24,37.75615783820236,-122.4103401301465,138.5,436.47,29.39,15.81,5.12,52.49,28.45,51.04,3.04,2.79,High
2022-07-04 02:14:39,37.78448486738612,-122.419430283699,99.06,400.54,39.88,11.1,9.6,61.81,32.77,42.78,8.88,1.75,Medium
2020-09-11 18:44:25,37.79080248773813,-122.42881401980004,129.79,445.22,41.73,15.21,11.33,44.91,18.32,40.06,3.6,1.31,High
2025-06-10 15:30:36,37.76068318840959,-122.41158966396978,89.95,394.46,28.99,21.26,4.36,41.52,20.19,66.19,9.32,0.16,Medium
2022-01-23 18:42:59,37.775998258548874,-122.43375495526803,80.06,417.66,37.74,25.0,4.7,46.8,21.28,75.48,3.36,1.39,Medium
2020-02-25 19:43:01,37.79175677339506,-122.43425503758243,111.2,381.72,67.5,26.46,8.73,45.9,30.05,65.77,0.64,0.24,High
2024-07-11 06:16:49,37.7662016345465,-122.42427900202262,87.21,400.81,56.8,11.97,10.5,33.28,18.51,53.76,8.13,2.69,Medium
2024-10-02 05:07:35,37.79006817350342,-122.43887959146296,146.13,368.99,9.33,18.83,11.98,67.09,22.39,58.59,6.7,2.18,Low
2022-12-06 05:54:56,37.7642432173689,-122.42886106217225,82.65,382.07,30.86,22.53,6.3,40.6,18.42,47.27,1.04,0.31,Medium
2020-09-24 04:58:59,37.77987490791695,-122.41326841836394,84.93,416.03,40.56,21.07,13.35,48.4,29.13,82.01,9.33,0.55,Medium
2023-09-04 15:31:19,37.771438630668406,-122.43115189136392,141.36,396.07,20.48,32.73,10.63,54.64,29.37,59.17,1.14,1.39,Medium
2024-03-22 15:17:06,37.79141149541546,-122.43466551088595,125.2,392.36,43.09,16.0,4.64,45.38,29.42,57.43,6.78,2.65,Medium
2021-10-24 11:56:05,37.7698859687606,-122.43208258714863,110.1,434.28,40.93,13.57,11.51,54.68,18.31,58.97,2.63,1.17,High
2025-06-26 10:25:16,37.7754033561253,-122.41683220832805,114.59,407.22,26.29,31.59,7.92,51.8,29.42,80.4,3.11,0.23,Medium
2024-06-03 06:37:08,37.77086437402299,-122.4227824393496,108.56,427.17,26.88,18.94,12.84,44.12,23.85,79.61,1.33,2.42,Medium
2025-11-03 14:00:06,37.7549938989547,-122.42960800507993,127.64,394.75,56.2,11.49,5.44,50.62,19.59,86.72,2.98,2.56,Medium
2022-05-15 07:32:19,37.78777205837017,-122.40862997763033,121.77,369.36,24.92,20.22,4.83,26.97,27.51,54.99,6.59,2.7,Low
2020-01-17 23:43:44,37.77989775081632,-122.41024517962045,145.23,427.33,36.81,14.88,14.11,48.58,34.63,43.27,0.87,2.64,Medium
2024-08-20 06:03:28,37.76004062673777,-122.43835366630707,128.18,416.1,36.85,18.45,7.63,34.36,18.37,49.88,8.14,1.85,Medium
2022-11-27 07:31:19,37.77421240373314,-122.42647715726376,138.73,355.86,47.11,9.78,9.24,37.0,36.27,68.47,5.82,2.88,Medium
2022-03-04 22:56:49,37.75907921267016,-122.4105892830421,128.11,351.32,46.74,13.52,10.57,44.32,34.79,59.65,6.55,0.66,Medium
2025-07-08 01:05:30,37.76578010294924,-122.41048226302442,94.43,400.72,25.58,10.39,4.54,67.58,32.9,46.75,0.6,2.33,Medium
2025-11-12 17:50:41,37.786655826207785,-122.40442341783213,139.57,381.72,45.53,21.17,12.07,44.37,36.84,83.83,1.47,2.23,Medium
2024-03-01 07:11:58,37.772461659552846,-122.43488812324533,129.41,383.73,38.01,25.41,6.08,57.35,21.66,70.35,3.61,2.58,Medium
2023-04-04 14:58:20,37.793526126990656,-122.4388057550997,113.68,385.01,11.43,6.14,13.7,60.74,31.72,80.83,2.87,1.83,Medium
2021-10-25 22:58:16,37.786007215051,-122.40984794466927,142.51,385.61,52.63,-0.08,11.34,42.32,22.59,48.18,4.04,0.69,Medium
2024-06-26 10:23:28,37.791437787939024,-122.42303098079232,132.38,392.28,29.32,24.79,10.1,49.95,36.21,87.93,4.57,0.59,Medium
2021-05-18 13:57:15,37.78635932137184,-122.4386775912096,113.79,396.9,49.32,13.29,10.77,39.71,29.9,78.66,9.9,2.04,Medium
2020-04-25 12:58:25,37.78845551596503,-122.43810706938696,116.41,443.98,58.17,31.7,7.63,40.97,30.31,73.0,4.34,2.63,High
2024-10-19 09:05:48,37.78324723354048,-122.43482247345932,101.38,380.52,27.9,29.93,10.3,33.51,21.94,84.26,1.5,2.12,Medium
2022-10-02 03:05:42,37.78201579673985,-122.41651781443274,113.61,445.0,34.16,32.26,11.64,38.75,31.19,85.03,9.83,0.59,High
2022-05-24 14:54:56,37.75497248135477,-122.43044727655774,103.83,381.88,35.15,22.09,6.17,34.09,24.61,36.08,1.78,2.09,Medium
2021-10-17 21:15:07,37.78199215837193,-122.42781669181316,120.4,416.43,33.33,32.1,4.61,39.36,19.17,51.8,2.0,0.52,Medium
2024-12-12 16:47:19,37.7591450167426,-122.41185419790942,148.51,390.74,38.71,21.31,6.62,49.17,22.98,53.8,2.1,1.74,Medium
2022-11-15 21:58:05,37.755080179239215,-122.42686895955447,116.87,381.88,31.07,7.15,6.88,56.85,32.61,59.93,7.0,1.08,Medium
2024-05-03 02:51:22,37.79175830944866,-122.40025976132269,80.75,368.24,19.78,34.29,6.75,51.03,37.62,68.75,8.04,0.26,Low
2022-10-12 15:30:43,37.767695183066714,-122.41553368432011,122.34,433.77,33.98,11.08,7.95,48.14,21.27,36.85,1.84,1.83,High
2021-08-09 06:15:18,37.768075122681374,-122.41588818379734,139.31,420.32,30.93,19.67,8.06,36.98,37.39,73.13,1.17,0.57,Medium
2024-12-12 02:39:53,37.756033498015334,-122.40625878961673,135.18,421.96,22.83,15.77,6.52,35.96,28.17,61.22,3.07,0.09,Medium
2021-03-26 22:02:54,37.758046482332574,-122.43252505189842,84.15,355.04,41.68,3.74,5.21,51.82,31.45,73.73,5.81,2.71,Medium
2025-06-05 13:52:44,37.77755184574897,-122.42346398133562,99.92,387.69,23.15,30.61,13.67,51.18,19.96,59.0,9.64,2.5,Medium
2021-01-12 05:18:42,37.7905861166748,-122.42058106721291,116.95,409.6,52.5,27.22,8.74,45.8,35.26,59.69,1.1,1.43,Medium
2025-09-15 17:34:49,37.77042532324009,-122.43256958866198,95.88,355.87,55.89,9.68,8.18,54.13,23.16,62.03,9.77,1.0,Medium
2020-12-19 13:06:44,37.758485270932184,-122.40103058258704,130.1,410.54,43.18,27.7,4.32,66.97,35.17,87.63,5.24,2.79,Medium
2024-10-14 06:28:51,37.78893113961331,-122.4224427785988,84.65,400.11,33.91,25.87,10.3,35.81,32.92,55.81,5.0,1.89,Medium
2021-06-27 03:39:50,37.78281887163695,-122.43933682315688,141.01,387.49,2.54,19.24,6.3,34.49,32.55,71.81,1.18,2.24,Medium
2024-09-28 09:43:45,37.765353135837636,-122.40000168121496,101.68,379.78,23.7,22.18,10.38,48.76,36.24,75.64,2.38,2.53,Low
2024-07-13 07:48:53,37.78704167107306,-122.39957583192786,97.69,405.19,45.37,-1.66,5.84,35.76,26.87,44.41,8.8,2.11,Medium
2021-06-01 20:38:46,37.77057764759154,-122.41979982996942,87.73,356.21,25.78,20.72,8.2,35.31,26.53,42.66,0.71,2.61,Low
2022-06-16 09:53:28,37.782534140173595,-122.40792125406253,88.14,369.15,38.49,19.31,11.4,43.48,18.97,43.17,4.43,1.45,Low
2022-04-15 04:12:50,37.77446536126864,-122.40764626828528,126.3,399.22,23.19,22.29,13.68,60.82,37.37,40.22,4.21,1.22,Medium
2024-09-10 14:27:13,37.79040252287265,-122.4205695043045,141.47,364.85,55.94,26.88,9.7,55.86,25.96,63.25,8.13,1.12,Medium
2023-12-16 14:28:44,37.76919878582007,-122.43676423927153,91.69,400.5,36.89,9.15,5.25,53.18,26.39,88.1,7.0,2.38,Medium
2022-07-21 09:03:04,37.76748326186185,-122.43131667339968,146.68,369.74,19.76,18.25,6.09,36.23,37.99,49.74,3.62,1.98,Low
2020-04-28 17:18:02,37.790300612981895,-122.4305389139239,112.45,426.76,33.98,20.64,12.8,54.08,18.19,57.16,9.12,2.22,Medium
2022-11-05 00:08:16,37.775720821345665,-122.41318467202146,109.29,411.16,43.62,23.41,7.5,33.11,26.16,72.81,2.87,1.92,Medium
2023-09-15 22:52:52,37.79462654955734,-122.43515631800207,96.31,400.27,18.97,7.81,10.14,40.78,31.74,72.08,2.6,0.1,Medium
2024-03-11 02:18:09,37.77509499260381,-122.40391573949925,105.07,417.66,20.12,5.3,14.32,63.36,27.93,51.83,9.31,1.77,Medium
2021-12-21 10:43:50,37.79332912352913,-122.41941803350929,87.85,375.91,2.43,18.18,10.57,44.8,37.48,35.45,9.04,2.79,Low
2025-10-03 05:28:14,37.78105058012373,-122.43838109233059,84.45,415.6,35.82,7.8,6.46,45.5,21.41,62.48,6.14,0.45,Medium
2022-05-23 19:12:12,37.79438857819325,-122.40413301958853,107.63,380.7,55.72,9.24,11.15,50.39,18.49,78.49,0.61,0.88,Medium
2025-01-26 02:06:43,37.79144043867325,-122.42277282819349,112.16,460.25,49.99,8.23,9.85,56.82,32.96,84.83,8.7,2.02,High
2022-08-05 01:43:59,37.78358876924042,-122.40608273406428,131.99,428.9,47.63,21.05,8.2,49.09,31.31,46.76,6.74,1.27,Medium
2022-08-10 07:19:07,37.76616717417898,-122.42017319550779,111.36,427.5,32.67,12.03,5.61,40.01,23.64,47.83,7.47,0.09,Medium
2020-04-04 02:04:02,37.79216259920032,-122.41108477219053,132.35,414.96,27.15,16.46,11.17,39.83,32.79,57.97,7.5,0.34,Medium
2025-12-25 19:25:42,37.78706436984245,-122.40772155942133,88.9,367.79,21.03,17.14,5.42,36.09,29.12,57.63,9.5,0.38,Low
2021-05-09 13:39:13,37.76845879704692,-122.4336767441833,140.05,426.72,19.57,11.29,15.68,62.51,19.76,71.75,9.01,0.17,Medium
2025-10-20 19:47:55,37.76037866538177,-122.41912919837128,88.86,399.21,54.07,18.87,7.6,28.04,37.84,72.77,8.49,1.24,Medium
2024-09-08 01:59:15,37.7630228237168,-122.4233219230154,139.2,432.3,19.58,25.42,12.94,55.08,24.85,39.61,9.93,0.38,High
2025-06-10 15:10:31,37.76806022918649,-122.42374182916822,98.35,353.32,23.02,5.97,8.28,63.06,36.87,37.3,5.28,1.75,Low
2025-05-17 08:51:12,37.78904519714112,-122.42972289087523,141.34,404.88,41.45,15.37,7.77,44.42,18.58,72.94,5.08,0.37,Medium
2024-03-28 13:40:29,37.77512969193422,-122.40671591467989,140.27,420.66,26.39,33.67,13.82,53.53,25.0,85.44,1.77,2.01,Medium
2024-07-11 10:58:46,37.76822030532209,-122.42445734855843,95.0,364.94,60.09,19.82,7.83,50.88,32.5,73.4,3.45,0.3,High
2023-02-27 23:31:43,37.75528801419692,-122.43379820751463,102.55,424.06,25.98,21.11,7.52,50.27,36.25,77.93,7.68,1.82,Medium
2022-08-12 08:37:25,37.77202493471274,-122.43157168993444,81.95,393.79,37.77,20.58,8.99,39.74,35.24,81.16,6.7,1.51,Medium
2022-01-26 22:13:05,37.78879624539717,-122.42512400451301,87.58,407.94,54.39,15.5,7.5,42.79,20.95,78.83,1.1,2.06,Medium
2020-02-12 14:35:59,37.75948181198346,-122.4268245983573,136.71,378.66,26.59,6.31,9.32,33.36,33.24,77.54,8.81,0.08,Low
2025-05-18 09:22:53,37.765483884475245,-122.4186199258094,111.54,391.05,35.36,17.94,10.95,62.29,32.73,66.42,1.13,0.35,Medium
2024-01-22 19:32:40,37.78265381545089,-122.41358405302749,128.12,365.38,26.08,26.16,10.19,67.18,25.47,73.61,8.44,2.06,Low
2024-01-03 00:28:50,37.782092435664055,-122.41705082225901,123.75,378.0,28.55,29.91,6.22,45.82,18.82,48.79,7.05,2.56,Low
2025-01-16 16:56:19,37.761363918238324,-122.43466583594693,133.25,398.11,44.31,25.14,8.74,46.48,30.34,67.93,3.28,2.05,Medium
2022-03-28 22:03:19,37.7589506072395,-122.40449703922809,115.53,394.4,29.02,29.31,5.13,36.82,29.21,36.2,5.45,1.18,Medium
2025-01-22 12:11:09,37.794285774774934,-122.43386938624492,110.08,354.67,15.28,18.95,14.32,17.83,37.83,86.02,3.42,0.33,Low
2025-08-23 14:16:52,37.78926521439005,-122.43026577543284,95.41,417.51,39.93,24.22,8.3,20.21,27.29,48.94,5.3,0.09,Medium
2020-02-17 04:42:21,37.78130475611985,-122.40595682899333,130.29,384.75,35.37,21.4,9.1,52.9,32.95,59.26,7.47,1.88,Medium
2025-05-28 18:20:23,37.77221892199359,-122.43655901729402,114.15,416.48,36.49,35.18,6.83,51.87,19.72,86.51,4.09,1.73,Medium
2023-03-07 09:22:05,37.76893688379863,-122.40217882929304,135.98,392.75,1.22,27.25,4.88,38.82,18.84,69.31,5.84,1.21,Medium
2022-08-23 11:46:01,37.770809159024914,-122.4222754572101,141.62,417.91,42.54,32.96,9.16,46.67,23.0,64.43,7.05,2.04,Medium
2021-12-01 10:25:54,37.76781604274312,-122.42014904192689,123.21,367.73,30.12,20.11,9.69,39.09,25.1,57.39,4.39,1.63,Low
2020-10-12 01:41:19,37.774743019140026,-122.43263584398316,88.83,438.88,36.93,25.3,4.88,61.88,36.18,70.09,7.81,1.11,High
2023-03-10 16:58:42,37.76884036599129,-122.43411732756924,98.61,388.48,34.28,24.74,11.95,55.14,29.81,86.41,0.58,0.14,Medium
2020-09-22 16:55:33,37.77327933204201,-122.3997288448666,95.88,455.79,33.61,30.15,11.57,46.9,27.62,46.33,8.37,1.61,High
2022-01-10 14:06:35,37.77887174265242,-122.42034646826022,145.3,400.05,25.25,28.15,9.96,53.34,36.84,38.54,4.32,0.07,Medium
2025-08-03 18:05:39,37.78649542951808,-122.41401860266535,117.29,404.23,16.44,13.63,7.42,57.92,28.03,63.65,4.76,0.77,Medium
2020-10-03 02:19:27,37.76384111289206,-122.43717308740183,135.83,409.42,22.5,13.33,6.92,42.61,34.82,63.24,1.82,0.71,Medium
2023-05-21 13:24:26,37.75659337970073,-122.41405858825534,97.4,398.95,47.34,14.05,4.56,37.31,21.38,77.62,1.73,1.36,Medium
2022-03-10 14:55:15,37.78551329723739,-122.40794712775455,119.66,397.67,37.81,25.48,4.75,37.27,19.53,79.58,9.78,1.93,Medium
2020-04-06 15:28:35,37.79261650845567,-122.41053952880625,86.17,418.15,40.7,25.66,11.53,49.08,26.08,47.18,5.36,1.65,Medium
2021-01-21 15:14:53,37.790989824923855,-122.40437131853764,136.1,399.09,14.15,20.14,11.63,39.0,23.05,75.25,2.06,1.05,Medium
2024-06-11 00:24:41,37.77711053290432,-122.43540272491782,136.35,410.3,52.4,9.84,5.37,51.8,35.69,68.89,4.57,0.55,Medium
2020-06-19 06:49:13,37.79108421012452,-122.42577332716712,106.4,401.67,45.82,17.22,5.12,36.95,29.8,73.24,3.77,2.08,Medium
2022-09-09 23:02:25,37.76494633605434,-122.41523178080547,141.59,413.72,23.42,6.95,12.01,24.47,22.57,80.22,3.31,2.12,Medium
2020-12-27 11:21:07,37.78430092792713,-122.4318551792383,87.94,444.9,39.81,24.35,9.6,51.29,26.86,69.8,8.7,0.24,High
2023-08-15 11:42:50,37.771277917505095,-122.40434744120337,100.86,365.26,12.5,29.44,11.16,45.97,36.25,49.63,4.89,1.65,Low
2024-05-23 23:21:38,37.75522432787545,-122.43902989910256,112.24,389.29,34.87,10.93,11.09,27.06,21.34,57.39,2.71,1.6,Medium
2024-07-06 11:24:53,37.78173898837943,-122.40924249262234,87.73,413.49,25.73,19.54,3.46,51.31,28.55,63.46,9.28,1.65,Medium
2020-09-21 20:27:47,37.77219585440741,-122.40625331425865,137.6,414.86,23.96,11.82,4.83,55.47,22.6,35.05,7.29,0.51,Medium
2021-07-20 12:46:43,37.7937229333051,-122.41075747786321,102.62,376.36,28.53,4.8,4.98,48.6,21.78,82.27,2.93,1.14,Low
2024-11-17 00:30:49,37.78224798182899,-122.43861267138475,131.49,434.14,34.32,20.21,10.68,39.59,31.8,83.62,2.47,2.75,High
2024-07-19 00:08:17,37.759138236453765,-122.43491035712033,100.39,345.9,49.75,23.69,8.75,53.09,18.11,45.25,1.45,1.09,Medium
2023-08-15 04:44:05,37.788179602124416,-122.41652606684438,120.87,456.99,26.65,20.28,9.13,38.44,37.17,42.81,3.39,2.47,High
2024-11-20 09:28:47,37.76594344353957,-122.43070209463968,97.79,403.28,41.35,19.92,6.42,53.11,25.27,60.55,9.8,0.52,Medium
2020-09-02 22:57:51,37.76942530361038,-122.40561163331697,109.29,450.67,24.28,10.0,9.12,32.14,27.38,53.38,1.52,0.44,High
2025-10-10 11:39:18,37.75952700894593,-122.40154942027988,131.34,367.44,51.68,30.53,13.79,45.47,29.74,80.8,1.19,2.07,Medium
2024-11-12 00:25:25,37.78863048171287,-122.41981649615028,101.8,416.18,22.83,30.66,5.23,40.19,21.13,87.41,4.35,1.01,Medium
2022-05-13 17:57:53,37.75764011170288,-122.41897042681974,111.85,383.38,43.48,29.45,3.53,42.07,32.54,73.93,1.96,2.74,Medium
2024-10-24 10:12:11,37.75566691643,-122.40850008615614,91.97,403.12,30.56,25.15,9.69,30.46,32.74,73.48,2.84,2.71,Medium
2022-11-01 01:16:36,37.78241594581917,-122.4018500044688,130.56,399.2,32.0,9.31,7.48,38.23,32.83,56.25,3.64,1.79,Medium
2025-01-27 03:44:39,37.76122962967261,-122.41158582997072,87.4,368.91,46.5,19.65,6.98,44.86,28.02,52.69,1.76,1.13,Medium
2024-07-24 02:48:28,37.77849337577759,-122.431375345155,100.11,389.56,29.07,14.67,8.33,29.61,29.25,86.97,2.36,1.93,Medium
2021-06-21 08:09:35,37.765402009200805,-122.43782987787715,101.38,417.8,23.37,18.13,12.43,36.26,21.2,56.9,6.01,2.84,Medium
2025-11-07 19:49:30,37.77523246777107,-122.43844098210494,101.91,438.61,37.63,30.38,2.7,40.93,23.96,56.07,8.44,2.9,High
2025-03-13 14:49:13,37.77197621282546,-122.41731927310818,96.17,405.49,55.06,24.57,9.89,51.99,34.0,54.04,2.14,0.01,Medium
2020-10-24 13:17:21,37.78928662190666,-122.42908979137488,95.85,376.89,32.43,-8.81,5.9,36.24,21.39,74.52,7.82,1.39,Low
2021-05-08 13:04:57,37.7683727644387,-122.41721203293666,120.27,396.89,22.01,25.79,6.53,53.89,26.57,74.96,5.35,1.87,Medium
2022-08-06 03:11:43,37.77560714672924,-122.40612703526456,126.16,387.77,50.94,10.59,9.77,46.95,34.83,70.61,3.74,2.34,Medium
2022-04-06 11:18:09,37.758086233637236,-122.43660432752448,124.8,422.08,50.23,13.44,11.95,36.81,27.54,80.24,3.08,0.56,Medium
2022-07-18 07:13:38,37.7562952122328,-122.42298923446673,87.46,422.44,27.54,19.24,8.82,38.03,30.94,36.82,0.51,0.24,Medium
2023-02-13 08:29:19,37.77782596991925,-122.40236993227778,125.17,417.74,33.31,14.95,9.8,48.86,29.2,78.43,7.52,1.88,Medium
2023-02-11 03:55:13,37.75618250785227,-122.43607192733964,100.54,379.75,38.9,23.71,8.0,40.74,23.49,70.68,7.35,2.59,Low
2025-03-20 18:17:57,37.77636493118942,-122.40855455807316,126.29,422.28,32.55,17.68,9.33,53.16,35.18,89.54,3.29,2.13,Medium
2023-12-01 20:16:40,37.76960632184237,-122.41575618477857,115.26,415.06,37.32,20.48,8.32,38.62,35.26,61.48,1.25,1.68,Medium
2024-07-06 04:36:56,37.77576398051965,-122.40206894350483,136.42,366.49,31.16,21.15,2.5,36.66,29.98,39.89,1.05,1.12,Low
2020-08-02 16:39:33,37.77740678162738,-122.4008244297337,95.21,383.0,24.64,31.37,5.52,39.29,29.05,46.85,2.4,2.97,Medium
2022-12-18 15:51:15,37.793656914948755,-122.41646893244987,95.42,410.3,42.38,13.82,0.48,52.06,24.87,87.99,9.15,1.89,Medium
2025-04-24 22:16:15,37.75877808494396,-122.41514360893025,111.6,396.35,14.83,16.0,8.84,54.86,30.28,64.26,1.37,1.34,Medium
2020-09-16 03:43:32,37.759021667737244,-122.43030206983741,80.22,383.73,31.08,36.02,7.08,48.6,36.77,37.96,0.62,1.98,Medium
2023-08-21 03:53:33,37.77535745625207,-122.42179406211103,115.87,413.53,22.65,32.6,5.94,39.88,24.99,75.8,7.69,2.0,Medium
2023-03-13 17:48:26,37.77427064792439,-122.41740084054464,114.43,442.72,41.23,22.38,6.61,44.11,21.72,61.69,8.39,2.85,High
2022-04-24 19:38:27,37.772456349608255,-122.40127331292915,122.57,382.78,33.65,7.88,4.45,56.78,19.59,67.09,9.5,1.46,Medium
2025-12-17 16:13:23,37.78322679687343,-122.42198137899712,97.52,427.73,45.25,23.28,7.49,39.83,33.26,73.69,6.18,1.47,Medium
2021-11-11 23:53:55,37.76450506481806,-122.43536771211443,98.21,396.19,26.73,23.74,11.93,56.71,18.11,89.17,8.84,2.69,Medium
2020-10-28 18:42:04,37.76656067712605,-122.41689153826631,86.98,407.84,17.18,24.87,12.04,43.25,36.08,57.54,5.49,1.43,Medium
2024-06-02 18:16:04,37.76522632670634,-122.4378901073213,120.82,434.0,28.41,16.63,11.94,56.16,33.04,62.7,8.99,2.81,High
2024-10-22 05:13:03,37.794217796864814,-122.42843455331231,94.19,383.39,33.96,20.48,8.97,64.73,27.94,36.76,6.32,2.15,Medium
2021-04-19 16:15:39,37.76739953304572,-122.42547879389167,114.08,418.03,16.13,15.51,4.78,35.84,28.64,68.38,5.14,1.22,Medium
2025-06-20 21:46:51,37.77656381851194,-122.41239242337953,124.33,458.81,16.11,9.03,10.08,56.83,36.32,87.7,0.6,2.97,High
2025-08-11 14:12:55,37.78839320615732,-122.43877749814965,125.22,420.22,18.58,17.62,7.57,35.5,20.47,61.75,6.44,2.48,Medium
2025-08-24 06:25:12,37.7736721198544,-122.4024150872863,107.83,431.95,41.85,20.81,12.49,41.87,35.77,48.21,3.16,0.16,High
2023-05-16 21:15:34,37.79095599764917,-122.40604333598155,118.75,425.77,28.79,38.72,10.27,43.03,20.51,58.01,3.77,1.49,Medium
2025-09-02 18:08:08,37.77392482457233,-122.42242414829005,140.23,447.46,40.06,-0.17,4.16,23.54,28.77,48.77,8.97,1.0,High
2022-03-15 03:30:24,37.76034934606183,-122.41418396295856,101.09,367.65,46.44,26.31,6.11,37.93,28.43,44.47,3.4,0.96,Medium
2024-04-09 07:10:15,37.761587834181896,-122.43826170432624,124.05,404.58,23.1,20.84,8.45,29.97,28.84,40.02,6.95,2.18,Medium
2024-08-22 20:28:01,37.78317162017588,-122.40778370096467,93.56,424.89,36.09,6.26,10.59,40.94,27.48,78.98,6.02,2.32,Medium
2021-08-01 06:43:41,37.76346028452696,-122.42037893913495,102.27,411.01,28.75,11.6,10.54,43.97,36.7,35.65,6.08,1.5,Medium
2022-07-11 16:35:12,37.78210438793733,-122.41263679932551,145.96,387.76,6.25,14.57,6.56,26.25,25.68,58.78,9.8,0.27,Medium
2022-12-26 19:48:41,37.779049068701404,-122.40738356550025,120.95,399.8,36.08,26.38,11.56,40.47,31.15,83.57,5.98,1.06,Medium
2024-03-23 03:16:27,37.76107447079584,-122.42936054057907,131.69,404.31,27.55,26.88,6.0,42.91,32.27,35.2,0.94,0.01,Medium
2024-10-12 11:17:08,37.79140804041429,-122.43168788821293,107.26,397.25,42.98,13.52,8.32,41.33,34.01,48.96,4.51,2.36,Medium
2023-07-26 00:31:56,37.77455396361076,-122.40450137906966,129.84,434.5,25.08,21.29,5.36,50.12,33.73,48.75,4.46,1.05,High
2025-06-26 08:29:56,37.78309183344529,-122.40319687488822,110.42,419.77,34.74,5.85,16.98,62.46,20.14,80.16,4.64,0.22,Medium
2025-06-26 07:37:37,37.78025116158173,-122.40419474586265,142.14,418.07,29.35,28.97,12.8,60.28,25.3,84.75,5.28,1.39,Medium
2022-11-15 02:13:01,37.77542277691454,-122.4068393305792,134.38,417.06,46.36,24.83,6.77,44.29,20.61,88.66,8.75,2.68,Medium
2024-07-09 20:17:20,37.77671451408535,-122.43735174603238,132.19,402.28,61.48,20.64,-3.51,57.37,21.44,50.33,2.01,0.59,High
2021-11-18 22:59:21,37.75657882013625,-122.43232972530306,140.55,415.26,36.02,18.41,6.75,47.38,25.66,43.65,6.61,1.61,Medium
2025-03-04 09:29:52,37.78613779275802,-122.40578201673445,102.65,366.08,31.94,21.99,8.69,38.26,27.44,84.93,3.95,0.86,Low
2021-11-04 06:15:57,37.78528247335656,-122.40528064123879,148.1,422.85,23.16,32.93,5.11,47.13,32.58,87.39,8.43,2.71,Medium
2025-10-02 13:12:53,37.769712807018024,-122.4385905506944,116.68,399.74,75.53,25.41,6.77,34.44,26.48,54.83,8.09,1.57,High
2021-08-25 18:50:53,37.772317445156084,-122.4276140438775,83.5,344.6,32.65,26.69,4.8,37.49,18.99,81.68,0.59,2.81,Low
2021-10-18 09:50:51,37.786768346701706,-122.41539438067146,129.77,419.82,36.12,4.55,7.25,61.46,30.03,78.44,2.54,0.2,Medium
2020-07-15 08:23:20,37.7730199240332,-122.4188846958996,129.91,384.8,30.63,4.69,9.86,65.0,27.88,69.12,5.67,2.22,Medium
2021-12-08 14:05:26,37.78984238409091,-122.42210914848847,108.89,380.43,40.5,31.74,8.39,39.09,26.56,53.18,1.36,1.69,Medium
2024-12-06 11:10:47,37.78441812481012,-122.40870886795786,143.38,413.78,33.68,16.71,10.21,42.75,26.04,66.66,6.04,2.25,Medium
2023-07-27 13:33:32,37.76729058332741,-122.40054810158773,88.25,370.29,44.46,23.69,10.24,43.85,29.81,69.65,8.53,0.89,Medium
2023-05-24 13:42:55,37.78101253467257,-122.40515415398855,100.1,388.84,21.01,17.94,14.03,40.19,22.5,83.28,5.08,1.69,Medium
2024-03-26 08:05:12,37.782907530371766,-122.41749040362123,122.67,377.21,34.32,12.88,6.31,39.07,31.23,85.12,4.34,0.62,Low
2024-06-15 13:47:54,37.77636218684044,-122.40932495022523,89.8,370.87,15.79,26.25,8.06,40.37,23.81,68.81,9.08,2.89,Low
2021-01-22 21:53:11,37.775887536483744,-122.4171966959425,131.97,373.37,27.93,9.97,9.19,43.83,26.88,76.53,7.63,0.8,Low
2020-02-01 07:56:15,37.77604159441425,-122.42776832223112,128.13,338.67,13.77,19.67,8.56,30.87,35.89,62.32,6.2,0.54,Low
2021-08-26 13:25:57,37.75681870234318,-122.40411807255968,111.11,373.19,22.31,22.09,6.27,47.95,36.18,46.83,2.44,0.54,Low
2022-08-07 18:19:43,37.762427999267196,-122.42798888012236,113.31,389.15,54.93,16.8,2.49,53.14,19.37,87.53,2.33,2.65,Medium
2024-08-12 22:27:45,37.76972842628151,-122.43202527047922,111.02,376.81,37.26,13.19,10.0,67.1,31.24,41.39,5.77,0.86,Low
2025-02-18 23:13:13,37.76630532700723,-122.43158309653447,80.78,419.47,21.53,20.42,3.28,48.38,25.89,55.49,4.83,0.53,Medium
2023-07-09 15:04:33,37.78516210640232,-122.4149794734363,105.49,416.89,42.8,14.54,3.37,44.24,21.9,44.1,7.88,0.69,Medium
2024-08-19 05:43:59,37.78960989560327,-122.421356957127,81.08,447.82,19.1,35.87,10.27,49.17,21.65,76.28,3.72,2.13,High
2024-05-09 07:44:48,37.78671148179189,-122.4141688106758,121.13,375.38,31.85,2.45,5.94,69.33,31.97,58.85,2.42,0.64,Low
2025-04-13 11:41:45,37.79326175987486,-122.41930388826079,144.19,425.86,46.54,29.19,6.13,55.34,20.61,44.54,3.74,1.23,Medium
2023-05-17 21:25:52,37.78838959998062,-122.4367281169095,145.96,386.97,24.42,8.46,9.44,58.83,30.89,76.66,1.62,2.5,Medium
2025-07-11 02:30:44,37.783789943123374,-122.4105191542656,126.65,393.5,22.62,20.8,14.48,34.42,20.13,88.31,2.4,0.18,Medium
2024-05-18 13:15:13,37.756650633887936,-122.4167221657008,107.87,386.85,50.51,16.6,16.12,57.28,19.94,42.28,6.93,2.03,Medium
2025-02-09 13:04:10,37.7866436478881,-122.42817639136102,118.98,381.99,39.94,23.28,11.64,43.55,20.16,62.86,1.32,2.91,Medium
2022-02-13 13:55:15,37.77378791354473,-122.41032184525068,149.95,410.15,24.52,26.63,7.01,56.64,37.24,39.48,4.64,1.67,Medium
2025-04-24 02:43:50,37.75711935768272,-122.42801837558912,137.35,431.82,16.05,16.74,7.07,46.51,29.78,78.44,6.73,1.83,High
2024-09-12 22:39:52,37.78858664120246,-122.43019998189806,80.4,350.71,21.4,24.61,15.39,43.91,23.5,74.42,6.15,0.97,Low
2023-04-17 17:34:22,37.77171161040217,-122.41631690229472,141.11,391.51,46.53,25.18,5.95,31.72,36.09,45.9,0.75,0.06,Medium
2021-05-14 08:10:22,37.767700439569886,-122.4258202433976,127.61,392.79,41.11,15.07,12.85,37.3,29.14,81.91,3.49,1.57,Medium
2023-02-11 17:37:54,37.783767535649126,-122.43378010740557,107.26,371.39,31.44,29.23,4.9,53.36,29.22,51.51,4.3,2.07,Low
2023-11-26 04:05:04,37.75770949223478,-122.41184176839315,92.25,380.03,48.82,22.64,10.43,53.17,28.36,83.99,6.09,2.75,Medium
2020-10-19 10:14:09,37.78055961476257,-122.40432324272516,127.32,404.94,8.3,21.82,8.26,50.5,36.48,71.87,9.35,1.19,Medium
2021-07-04 19:48:59,37.783148519438605,-122.43804114714668,138.97,390.96,24.21,19.4,7.71,63.75,21.82,35.86,4.47,0.26,Medium
2024-12-14 21:29:43,37.79186591796547,-122.40838736984477,120.21,411.82,37.62,12.98,12.25,30.93,21.34,36.27,1.77,1.96,Medium
2021-10-10 03:32:22,37.765002442850786,-122.4245088137276,87.57,357.35,24.81,12.6,4.44,51.44,19.64,51.54,2.63,1.66,Low
2024-04-12 18:01:25,37.77264861076481,-122.40759650157358,80.93,441.09,38.88,18.4,4.45,21.09,26.8,60.86,7.81,0.32,High
2020-07-09 11:13:45,37.76335600738244,-122.41793484382792,147.06,403.2,33.14,20.22,8.74,44.23,24.37,57.54,6.52,0.07,Medium
2021-01-16 15:58:09,37.789329066488264,-122.40127693642567,109.64,410.66,29.69,25.27,7.56,43.75,30.93,36.91,8.94,1.92,Medium
2020-01-12 13:05:00,37.78592618541305,-122.42787402043867,102.68,410.84,42.87,34.85,6.52,36.2,36.0,72.85,9.87,2.3,Medium
2023-01-14 04:54:31,37.760794110640674,-122.4330014833013,81.0,415.4,41.68,24.01,5.88,29.73,30.43,44.82,7.69,0.14,Medium
2023-01-04 15:22:14,37.7909877716049,-122.43892382124608,114.9,390.26,46.76,5.36,4.38,63.27,30.45,46.58,3.72,1.69,Medium
2021-04-11 21:15:08,37.75613146275443,-122.41044788893477,143.38,409.52,51.11,22.12,6.05,53.84,30.15,43.44,2.46,1.86,Medium
2020-12-06 14:35:52,37.76798366024007,-122.4198775937492,145.88,365.85,28.45,9.2,12.26,50.92,36.03,85.35,7.88,0.68,Low
2023-06-21 11:19:17,37.78134522347303,-122.43764113433514,138.56,389.48,16.27,13.77,13.56,37.81,26.03,77.07,9.19,1.24,Medium
2025-10-13 07:18:37,37.765582437609574,-122.42179423173847,135.72,397.57,24.37,22.0,4.53,49.72,28.2,64.1,8.82,1.39,Medium
2022-06-03 04:08:27,37.768634135456644,-122.41266539093638,95.97,403.3,34.37,9.58,4.13,48.9,37.66,66.88,0.51,2.7,Medium
2024-01-25 07:04:29,37.76582325801286,-122.42729510859672,122.86,401.98,55.12,16.35,8.93,52.02,22.09,86.3,3.01,0.45,Medium
2021-12-07 15:54:54,37.78957154392601,-122.42194897377442,83.09,419.91,25.81,25.22,8.97,32.47,19.07,68.83,0.95,1.84,Medium
2022-06-21 20:01:39,37.76385753733239,-122.40527418733765,97.78,415.09,45.56,15.93,5.63,28.2,24.95,41.4,0.87,2.17,Medium
2022-04-25 09:48:07,37.79440684508934,-122.42046260387065,136.17,377.64,47.54,24.03,10.21,36.58,30.8,77.47,8.68,0.04,Medium
2024-09-09 01:33:50,37.77260356093298,-122.43481440225656,138.58,409.37,25.99,24.12,2.56,51.37,21.56,82.26,4.33,1.2,Medium
2023-06-16 11:10:19,37.77463954854954,-122.43478289757182,110.66,407.92,48.47,13.39,9.77,44.07,31.07,36.04,1.71,2.35,Medium
2025-10-23 09:17:03,37.785238229892364,-122.42452788034902,97.09,411.28,28.25,32.84,10.21,38.63,26.66,85.46,4.78,2.23,Medium
2024-12-20 17:43:01,37.771917247770254,-122.40918021371942,122.36,371.94,46.67,15.15,7.93,43.7,21.4,70.89,6.31,2.36,Medium
2023-07-15 02:22:19,37.77284453011319,-122.4040746775069,147.94,399.38,49.36,17.84,7.4,68.12,35.8,81.49,3.32,2.37,Medium
2025-08-14 08:00:16,37.75841465323728,-122.41207679306103,120.64,359.8,43.72,27.1,5.63,41.4,31.9,39.38,6.15,1.77,Medium
2022-04-05 19:40:22,37.76012443040145,-122.40088184185699,124.44,359.24,32.8,27.68,10.08,42.1,19.98,41.44,3.34,2.88,Low
2020-08-24 02:44:06,37.77148480249586,-122.43869182219707,140.32,410.56,21.46,19.43,6.99,27.55,36.1,82.81,2.76,0.24,Medium
2020-09-28 16:52:22,37.76539841245603,-122.41359874661792,139.4,382.74,49.05,17.21,8.97,41.55,28.81,47.26,4.37,2.96,Medium
2023-06-13 16:14:35,37.770464920384605,-122.41709430426627,120.37,391.61,21.14,11.47,2.95,43.93,36.81,51.15,4.45,2.36,Medium
2021-09-12 18:32:17,37.76572934929687,-122.39942659508675,101.58,440.14,39.09,25.95,9.67,24.68,34.81,83.59,2.02,1.02,High
2022-07-02 01:37:54,37.770162975513024,-122.40979856220063,123.94,375.23,30.88,26.07,9.34,60.32,20.21,81.11,5.78,2.07,Low
2023-10-20 05:07:44,37.7599441078395,-122.42368164773453,139.6,410.51,35.17,27.29,12.84,52.29,34.66,41.68,8.2,1.44,Medium
2020-04-18 15:04:18,37.759770655103985,-122.40479236755574,119.64,419.8,40.89,32.68,7.34,29.75,24.75,61.97,3.51,1.01,Medium
2020-03-26 21:05:03,37.759338250441374,-122.42565171631458,121.57,403.38,36.24,19.33,8.28,58.84,32.48,55.15,0.85,2.71,Medium
2021-09-18 19:53:13,37.77472098493248,-122.41933480764307,81.63,432.61,25.57,6.92,8.19,53.66,28.51,64.06,9.63,0.96,High
2020-05-20 03:10:17,37.76094364190422,-122.4113718169525,98.04,390.16,30.61,18.81,9.89,48.27,30.72,86.58,1.72,0.26,Medium
2022-06-28 09:36:24,37.76938913455755,-122.43070151665634,145.02,378.79,15.66,11.43,11.1,49.59,29.46,60.21,3.13,1.39,Low
2023-02-08 09:15:54,37.76070357786557,-122.41143290274154,81.57,432.8,40.24,26.41,9.82,49.85,20.45,80.23,5.29,2.66,High
2025-08-10 14:38:38,37.77595595183461,-122.41226559640867,100.03,383.29,18.26,25.13,8.0,40.93,19.09,44.27,4.83,2.44,Medium
2023-12-21 08:45:44,37.75664379687171,-122.42718357876113,128.71,437.73,17.57,5.72,2.41,55.8,19.61,83.78,2.38,2.25,High
2024-11-25 05:57:43,37.78407065623347,-122.42624618847164,125.74,413.41,14.95,13.29,4.36,52.82,36.03,39.94,1.75,1.49,Medium
2025-10-23 14:29:33,37.770184594580385,-122.41562362464764,84.89,398.36,25.65,14.98,8.08,41.58,29.22,56.12,3.05,1.96,Medium
2021-02-21 04:03:11,37.75974325192966,-122.4048136354444,114.54,443.97,56.93,9.75,6.88,39.37,20.08,74.06,2.48,0.92,High
2024-02-21 18:03:12,37.77983727173773,-122.41362415350872,129.98,409.26,22.86,10.55,2.57,39.17,37.7,79.77,2.06,0.02,Medium
2021-07-16 06:31:48,37.7762335245957,-122.4050801910909,131.57,388.14,18.92,31.05,8.11,64.41,20.24,66.09,2.86,1.3,Medium
2022-01-18 14:59:16,37.77547283729564,-122.40746021865894,147.52,402.31,31.8,22.58,4.08,39.61,24.11,88.64,7.19,2.14,Medium
2024-08-12 00:19:59,37.78128980073627,-122.43026254816009,109.61,411.23,45.97,24.7,12.7,60.69,19.36,72.02,9.97,2.34,Medium
2023-08-23 13:23:28,37.79469252117215,-122.43480854885357,130.82,392.37,29.17,14.93,16.17,51.07,22.43,76.61,3.44,2.77,Medium
2025-11-04 15:22:54,37.78761658504187,-122.42778073577564,103.78,398.56,28.12,24.9,10.04,45.66,20.0,67.38,7.89,0.28,Medium
2020-08-08 09:31:16,37.79036937567784,-122.4125734673599,148.74,420.69,28.14,27.73,9.14,60.46,20.4,64.26,3.89,2.38,Medium
2020-01-25 01:31:12,37.77828433438221,-122.39985297827417,122.14,417.46,45.57,28.49,10.96,30.19,27.36,36.83,2.79,0.46,Medium
2020-01-02 16:51:57,37.78289959338209,-122.4391566675634,112.99,334.67,59.05,13.56,2.95,56.19,26.88,38.54,8.06,0.72,Medium
2024-03-04 03:42:27,37.787615065515524,-122.41172475815264,126.41,377.09,35.73,24.04,7.68,41.88,26.3,82.11,7.36,2.65,Low
2025-10-18 11:58:26,37.75682009210521,-122.41671680117706,97.0,394.66,45.69,28.97,5.14,39.64,20.05,75.55,4.78,0.97,Medium
2021-03-25 16:31:55,37.78234292621691,-122.42179974725602,106.55,402.56,53.67,25.04,8.99,42.72,21.76,49.37,7.64,1.11,Medium
2020-08-27 12:13:43,37.76034545761402,-122.43314505549867,127.87,410.67,37.71,21.81,6.13,42.41,32.1,54.81,0.93,0.47,Medium
2022-07-01 03:58:20,37.77302059001521,-122.40428966631228,87.0,421.57,25.04,17.75,6.09,60.43,21.16,82.33,4.75,2.75,Medium
2024-05-09 22:07:30,37.7761862993994,-122.43511373212291,107.42,364.5,15.97,25.05,9.56,38.86,36.94,40.52,1.98,2.88,Low
2024-06-16 06:39:05,37.789846746226054,-122.42710699276049,145.7,427.65,19.25,18.99,7.38,46.61,36.56,58.58,8.76,1.35,Medium
2022-11-01 21:14:25,37.78880445496863,-122.4309727841069,123.7,438.43,52.2,5.12,5.95,44.06,32.98,66.08,4.75,0.93,High
2020-08-01 11:14:36,37.78997391096617,-122.41765824341402,96.68,404.69,48.82,24.18,4.28,55.02,27.07,74.95,1.41,1.19,Medium
2022-09-10 20:46:39,37.768092632354254,-122.41338537758018,132.99,389.65,35.79,33.32,7.2,58.23,20.48,66.04,9.55,2.38,Medium
2021-03-09 18:50:48,37.772033711777404,-122.42614423444229,148.41,389.91,44.95,0.87,4.94,54.79,21.79,65.13,0.73,2.29,Medium
2021-01-07 16:54:49,37.76296056501697,-122.40709777796002,83.77,393.76,33.77,14.06,10.54,36.47,30.68,77.49,3.58,2.22,Medium
2024-03-05 10:09:16,37.78460923455054,-122.41302403680378,108.48,383.92,46.58,23.61,9.82,38.76,21.72,41.11,7.37,0.8,Medium
2025-09-18 12:09:55,37.7850172026402,-122.42241755047174,138.61,356.9,30.55,25.6,6.98,48.19,24.68,63.49,2.65,1.74,Low
2022-05-24 23:33:21,37.76580124676161,-122.42843304569953,87.95,392.07,25.36,24.57,12.17,49.7,31.4,44.63,5.0,1.95,Medium
2021-01-08 16:08:31,37.782508266600836,-122.42246654230134,144.63,402.58,27.01,11.38,12.51,46.03,34.77,67.11,4.33,2.84,Medium
2025-12-14 03:12:15,37.78933420112174,-122.40927146245043,118.74,365.84,18.27,18.71,8.19,41.45,20.12,50.29,8.96,1.65,Low
2021-05-17 02:18:00,37.783014032935846,-122.4148382557211,115.72,461.52,58.77,8.75,2.92,52.96,26.99,79.31,2.04,0.88,High
2021-11-08 07:32:44,37.7601181394871,-122.40889255318181,84.78,354.35,47.03,24.7,3.97,47.59,37.66,69.93,4.71,1.47,Medium
2021-01-25 05:14:24,37.773568612896156,-122.43538854110083,103.53,400.12,27.28,1.91,2.98,42.7,35.0,54.55,2.68,0.53,Medium
2024-06-25 10:59:03,37.785772391050806,-122.40347083227348,103.36,395.96,32.36,20.22,8.23,51.94,28.7,78.86,6.16,0.94,Medium
2025-04-23 22:43:24,37.79416908869527,-122.42295829738316,133.44,417.5,37.25,17.83,6.78,43.87,25.26,68.59,1.63,2.77,Medium
2021-09-21 19:42:05,37.77053001390836,-122.40976762541068,122.1,374.34,54.07,22.27,7.98,41.02,23.84,77.08,7.76,0.88,Medium
2025-03-17 10:09:57,37.779889314075824,-122.40383047449892,94.69,365.39,1.3,18.74,4.63,33.98,23.78,60.77,9.9,2.67,Low
2020-04-05 20:57:07,37.787706146347425,-122.40420807770752,140.0,383.14,8.4,19.79,7.62,53.93,35.88,88.14,8.91,0.02,Medium
2023-03-23 17:52:28,37.77941909366358,-122.39997465519649,141.77,397.83,33.54,22.82,12.38,45.02,21.0,71.29,3.57,1.02,Medium
2020-11-18 23:32:31,37.75970362826286,-122.43917347997896,83.62,406.48,16.89,19.96,9.84,41.15,33.8,61.25,7.94,1.3,Medium
2023-12-20 08:07:59,37.761006119200026,-122.40617666699542,104.88,338.81,44.28,16.03,7.62,39.49,25.4,50.66,9.16,2.25,Medium
2025-04-03 05:32:20,37.79093471577607,-122.42688217530606,120.19,301.94,38.41,8.6,7.36,41.98,37.17,49.34,6.99,2.82,Low
2020-10-12 08:06:11,37.77890495759758,-122.43314954640755,117.49,439.69,44.09,13.3,0.58,52.81,23.38,89.93,1.18,0.13,High
2024-03-11 06:04:51,37.781097109390885,-122.40419573331174,94.98,435.68,39.46,21.36,7.86,33.53,27.32,72.35,8.41,1.38,High
2020-07-26 10:23:23,37.762450339117365,-122.43687932884498,109.71,394.62,18.42,8.28,6.17,41.13,28.22,43.45,6.35,0.47,Medium
2023-01-15 11:36:54,37.77168987899673,-122.42095804131124,135.38,462.26,20.8,22.32,12.24,38.1,32.6,82.91,9.72,2.78,High
2022-08-22 02:53:06,37.764692358456486,-122.43069336495736,89.57,394.1,60.99,28.44,11.07,56.69,23.85,53.17,6.97,1.05,High
2020-11-15 21:07:14,37.786718196424886,-122.42388054079618,106.85,399.27,30.99,20.48,6.8,57.41,29.64,52.79,5.4,2.1,Medium
2021-06-24 22:19:49,37.766865211825255,-122.41433499620494,137.49,400.62,56.82,20.79,4.63,34.07,31.35,73.8,9.4,0.67,Medium
2022-06-13 18:41:23,37.76986322989153,-122.42858263520071,100.79,408.16,45.94,17.52,10.3,54.52,23.45,85.35,8.37,2.94,Medium
2024-07-09 03:04:40,37.76822293184212,-122.41679152720171,108.26,397.87,20.01,16.62,11.54,46.25,18.99,83.91,6.82,1.85,Medium
2023-06-26 04:12:28,37.767155241477454,-122.42059919161709,81.37,386.07,53.97,11.88,8.2,56.08,33.7,51.16,7.68,1.15,Medium
2024-01-03 02:27:13,37.78606416749355,-122.41040842795218,84.17,446.04,22.64,21.82,2.84,55.47,18.7,64.79,4.18,0.3,High
2024-09-28 19:53:02,37.757775578184,-122.41401799436554,127.91,450.85,39.94,19.51,3.24,37.18,30.51,62.24,3.11,1.42,High
2023-01-24 18:02:37,37.77030061485423,-122.43433774628022,106.99,394.8,63.8,25.89,7.1,41.81,20.01,75.6,7.21,2.96,High
2025-01-20 20:38:23,37.78011686992676,-122.40998343897972,140.18,373.23,25.59,25.51,7.3,60.89,27.8,36.59,1.11,1.61,Low
2023-05-10 23:38:20,37.784756769313766,-122.42323880198686,127.48,412.53,22.85,5.92,6.66,39.96,31.87,85.44,4.25,0.54,Medium
2024-01-20 17:34:11,37.78433937955029,-122.43908620315037,117.75,383.33,45.05,33.14,11.01,38.04,24.93,80.98,7.71,0.96,Medium
2020-05-02 05:56:36,37.78943214059381,-122.41300746718848,130.48,449.81,29.19,15.35,7.49,34.49,35.75,48.88,4.05,2.54,High
2022-06-27 13:14:59,37.78355959453331,-122.43029557685432,149.11,445.19,41.64,17.34,6.47,41.9,23.68,75.31,1.53,2.26,High
2020-10-18 02:42:49,37.773953044556755,-122.43740069139689,122.69,374.54,14.84,13.17,5.32,64.78,19.85,85.38,7.9,0.17,Low
2023-10-12 08:04:03,37.75572965371225,-122.43813675951414,115.52,385.59,39.28,14.53,4.69,39.89,29.19,72.67,9.66,2.79,Medium
2022-02-15 23:20:34,37.75823887778166,-122.43917460960554,82.09,366.89,53.3,22.94,10.18,23.66,28.33,40.21,3.56,0.06,Medium
2020-01-20 02:54:04,37.78116627826492,-122.40591968816787,106.13,392.66,39.6,12.88,6.67,32.67,30.27,76.89,5.68,1.88,Medium
2020-07-17 01:42:06,37.77836357602218,-122.4148784297411,137.44,446.36,21.95,15.54,9.91,36.74,30.28,46.35,1.88,0.36,High
2024-04-23 03:20:20,37.77048212542505,-122.41174600542895,128.65,444.53,27.18,23.44,8.06,48.38,27.82,45.7,7.62,0.83,High
2022-07-20 02:57:24,37.77212821326794,-122.42046616476289,132.1,371.64,27.77,23.74,10.65,47.07,20.18,61.01,7.63,1.83,Low
2023-01-05 02:35:54,37.786590028006565,-122.40094274750466,109.89,370.56,35.51,10.88,8.49,51.46,21.91,77.05,0.72,1.13,Low
2021-07-12 12:18:53,37.77991425606535,-122.42244250976425,118.96,404.15,43.08,11.79,7.85,50.63,28.46,48.19,8.97,2.91,Medium
2022-08-17 20:00:06,37.79026280437663,-122.43604389832687,116.17,388.58,18.1,20.62,11.17,34.03,34.01,69.35,4.95,0.65,Medium
2025-08-21 18:26:39,37.78902447296947,-122.4234015970647,131.09,384.43,50.4,20.98,5.97,43.85,29.14,44.42,9.67,1.58,Medium
2024-01-20 11:16:14,37.767009175087594,-122.42755621532346,115.11,407.74,39.62,17.13,7.41,39.05,20.0,65.89,4.41,2.15,Medium
2023-11-18 19:49:00,37.78985992046452,-122.4039083599289,80.77,410.4,30.98,24.53,8.82,55.3,29.49,79.72,7.97,2.67,Medium
2020-12-09 09:47:09,37.785486502209174,-122.42964269744759,138.72,414.63,7.9,21.3,9.19,58.45,36.36,48.67,6.33,1.2,Medium
2023-11-20 23:16:24,37.790158991067855,-122.40775543527194,118.73,423.13,32.66,16.89,12.08,30.09,19.3,64.16,9.06,2.12,Medium
2023-09-25 05:43:14,37.75931935280264,-122.4062203730798,128.69,367.49,38.77,16.84,8.26,41.43,26.87,41.63,1.64,2.18,Low
2023-06-09 14:47:52,37.75600519023234,-122.40644637939315,93.96,381.93,54.46,15.84,4.0,51.31,28.07,85.94,8.24,0.97,Medium
2024-06-22 00:20:56,37.75699841971648,-122.42766935657028,144.48,428.88,32.77,18.28,6.1,55.4,28.86,80.78,1.56,2.76,Medium
2020-02-19 23:41:03,37.794493655278224,-122.4201099363079,120.05,382.32,50.3,24.08,6.46,50.24,22.73,83.23,8.29,1.85,Medium
2020-05-03 03:29:12,37.75634610642165,-122.42654314888753,133.45,409.8,16.25,24.76,10.26,65.28,22.84,58.79,2.93,2.65,Medium
2020-07-10 20:00:37,37.766876511209865,-122.42647018731762,98.23,423.13,26.59,30.55,6.99,62.27,28.94,64.88,9.77,1.1,Medium
2024-12-01 14:24:17,37.76090859581868,-122.4130510266309,90.54,402.99,44.35,13.1,6.77,59.42,25.7,48.54,5.99,1.25,Medium
2021-04-24 08:25:20,37.77895504845773,-122.41500074028741,119.23,377.35,38.02,24.79,11.11,42.25,21.62,64.93,9.53,1.88,Low
2021-02-10 02:29:07,37.79267951519381,-122.42848313089868,91.88,447.39,33.2,21.6,7.8,36.78,21.85,54.58,2.11,0.32,High
2024-08-02 08:44:39,37.79399555772833,-122.43731643248151,104.65,440.59,50.0,17.8,6.14,58.19,29.31,80.96,0.67,2.41,High
2024-01-01 13:28:57,37.758550022771296,-122.42194206404707,120.73,348.58,38.22,24.55,8.16,50.96,18.87,38.65,5.74,0.31,Low
2023-02-15 17:23:22,37.79189529773071,-122.40548966807476,106.36,371.72,30.04,20.52,10.69,34.89,31.56,54.44,8.18,0.71,Low
2024-01-06 06:47:26,37.75939091033316,-122.41033037739082,146.1,437.83,44.32,13.67,10.62,32.56,19.25,44.87,1.68,2.74,High
2023-09-16 21:55:39,37.77663957830835,-122.43543774263135,102.32,382.04,33.44,15.54,8.79,31.78,31.86,64.27,4.63,1.16,Medium
2020-08-22 04:34:18,37.777038458877,-122.40095584500118,93.08,423.1,12.34,15.85,7.41,26.44,37.73,58.71,3.4,1.1,Medium
2023-06-01 15:51:14,37.77522629226241,-122.42559183875841,93.01,365.58,35.04,18.44,11.82,47.17,28.09,85.41,6.47,2.52,Low
2025-04-26 08:40:47,37.79196002476177,-122.43811138558198,112.38,427.66,20.0,16.62,11.08,48.16,33.68,84.35,4.67,0.7,Medium
2023-08-03 09:11:17,37.765718764224665,-122.43753456398153,110.26,398.8,40.84,21.58,10.32,34.49,37.5,87.93,2.73,0.3,Medium
2025-01-02 07:04:58,37.77235075444462,-122.41409334984726,88.48,401.49,13.71,28.39,7.42,32.01,21.68,50.83,2.86,2.05,Medium
2022-10-12 13:29:29,37.761615707672206,-122.42632718774993,92.07,390.89,53.81,25.99,9.26,25.62,31.82,58.17,8.61,2.31,Medium
2024-09-26 19:04:19,37.77720073058669,-122.40112446229467,141.53,359.86,26.18,21.54,3.29,46.27,18.03,52.81,2.59,2.91,Low
2021-05-10 23:37:21,37.79020197257858,-122.43001510931974,98.37,375.14,24.47,24.44,6.83,44.71,20.82,72.34,7.6,0.35,Low
2020-10-24 18:01:08,37.77408527824798,-122.40389644037124,119.65,371.79,50.27,7.52,14.35,40.89,27.87,51.28,3.6,2.88,Medium
2024-07-19 07:41:16,37.76223665180704,-122.40365879992727,145.72,403.64,22.2,13.45,6.31,43.54,34.2,89.13,8.33,1.66,Medium
2021-01-16 03:17:13,37.79094756487819,-122.42896659348784,140.75,374.02,24.58,7.74,4.21,30.26,30.42,44.03,8.54,2.44,Low
2024-07-26 03:01:40,37.779668317001196,-122.4210836237214,119.7,374.11,50.47,25.25,6.56,61.29,26.92,51.97,6.27,0.56,Medium
2022-05-02 01:30:22,37.771080769870025,-122.41725181108444,145.66,409.79,55.64,15.07,11.87,38.93,23.59,68.53,7.03,1.38,Medium
2023-09-02 14:16:38,37.790722859163324,-122.42521823174943,146.6,439.13,49.53,24.62,5.1,51.55,19.43,74.95,5.36,2.11,High
2020-03-21 14:12:11,37.784121285234804,-122.42832879674137,130.03,433.42,28.13,17.19,6.72,50.97,22.08,84.66,3.12,1.26,High
2025-01-13 07:49:21,37.78911664618525,-122.42197574010076,106.47,446.1,38.99,21.6,5.63,52.38,35.77,56.32,5.97,2.49,High
2024-12-07 06:42:31,37.779647493988485,-122.43677636541341,129.36,438.56,66.26,25.87,3.17,36.17,24.94,46.46,4.73,0.16,High
2021-12-14 10:12:30,37.76492177697086,-122.42604631742626,112.99,428.99,26.78,34.34,9.23,52.69,18.16,68.92,1.39,2.34,Medium
2023-03-22 18:08:06,37.772666903390714,-122.41293741727306,128.2,433.83,29.54,11.8,10.45,39.83,30.94,65.49,6.83,2.79,High
2023-06-07 11:37:17,37.78908544827275,-122.43162671426904,91.31,400.16,35.53,8.33,11.65,55.35,20.45,83.09,1.07,0.95,Medium
2025-09-04 09:52:38,37.76238170740955,-122.40480784765039,107.33,364.4,26.46,26.2,8.97,38.2,36.81,84.49,3.81,0.33,Low
2023-02-01 14:21:40,37.757006230378046,-122.4337318464789,121.88,410.01,30.47,20.77,12.37,27.18,32.76,52.39,5.1,2.44,Medium
2020-02-07 23:19:37,37.78891811671135,-122.43359068523694,82.08,401.16,43.99,31.95,8.6,43.07,37.37,71.97,1.96,0.4,Medium
2021-04-18 13:17:01,37.755755553867004,-122.40163302545977,91.88,350.54,29.78,8.18,1.13,33.92,29.1,48.39,1.0,2.82,Low
2025-01-08 07:56:37,37.774564533793615,-122.43866263161196,90.36,437.71,23.0,16.7,3.64,54.72,24.52,42.35,5.15,2.24,High
2023-08-17 20:59:51,37.75624236726589,-122.42008186547133,100.87,403.59,38.91,28.8,1.25,33.75,27.94,37.22,8.98,2.99,Medium
2025-09-03 21:20:30,37.78134108232938,-122.41294236646196,139.35,392.0,54.21,32.45,10.8,14.81,30.9,65.66,6.62,1.84,Medium
2021-12-16 18:33:48,37.78217187245138,-122.42142072139258,96.92,439.47,39.68,20.6,4.26,28.69,22.04,38.88,7.84,0.75,High
2024-04-14 09:41:09,37.78995408452109,-122.4216482063608,99.94,393.53,29.04,20.44,9.32,53.53,27.06,52.34,9.44,2.55,Medium
2022-07-18 12:04:49,37.762074134370586,-122.41647108169775,148.87,393.05,46.17,14.71,6.27,44.88,33.26,44.27,6.5,0.26,Medium
2025-01-05 04:14:14,37.79274008773356,-122.41092385030234,131.92,313.64,34.02,21.18,5.11,41.1,21.03,78.19,1.66,0.57,Low
2025-08-27 19:17:26,37.75828679257101,-122.42081846145902,132.37,433.27,26.73,14.52,6.35,39.06,24.8,52.5,9.59,2.37,High
2025-10-13 21:03:10,37.78801481518025,-122.43285432634688,140.98,390.47,32.51,30.16,11.89,42.18,37.86,72.31,7.44,0.64,Medium
2021-02-16 01:50:37,37.764281764029924,-122.43168982712452,120.23,384.23,46.94,15.73,7.55,31.63,18.27,61.49,1.03,2.93,Medium
2021-06-05 07:39:29,37.785250550028074,-122.4317713098798,119.77,414.18,42.97,22.15,8.64,43.6,29.38,78.49,7.12,2.99,Medium
2021-08-22 17:49:45,37.76539263400662,-122.43049880870004,129.64,416.24,37.41,17.24,4.78,53.32,23.06,69.59,7.74,2.63,Medium
2023-02-28 19:53:13,37.79400670870797,-122.41560577994147,139.54,358.32,52.43,17.34,9.96,55.52,23.46,84.97,4.91,1.27,Medium
2020-06-26 03:09:50,37.78100756157364,-122.4345478118174,92.29,335.95,53.63,7.09,7.82,28.77,19.48,36.91,4.95,1.2,Medium
2020-07-28 08:16:45,37.77072587284787,-122.4144176545633,147.41,396.52,50.18,15.23,9.14,26.97,21.22,58.45,1.74,2.1,Medium
2024-03-25 14:06:36,37.77823661741041,-122.39999961008682,86.74,402.47,43.24,16.81,0.52,51.6,24.19,51.34,3.41,2.65,Medium
2024-05-26 11:58:12,37.78619766540801,-122.42702975558106,125.02,393.96,46.32,20.22,5.74,58.1,37.02,61.71,4.93,1.96,Medium
2024-10-22 15:43:16,37.75543776175934,-122.43121498109764,127.8,370.71,42.32,23.8,9.13,43.18,29.06,73.31,6.17,0.37,Medium
2021-09-12 17:04:23,37.78842596661506,-122.41877055246503,106.39,389.85,41.45,27.55,8.59,61.65,34.09,75.51,9.29,1.34,Medium
2025-11-02 16:14:49,37.779943091642245,-122.42276818242522,147.53,395.53,33.41,20.57,4.52,51.02,31.93,52.04,8.79,1.01,Medium
2020-04-16 17:12:58,37.764632115053786,-122.40144813149765,105.0,431.64,44.5,11.36,6.37,49.59,19.73,41.44,7.29,0.22,High
2025-09-19 20:40:20,37.76941755116901,-122.41914015615183,105.27,419.85,18.63,37.09,9.96,33.18,31.71,72.69,0.76,2.7,Medium
2025-02-04 17:40:50,37.76271067740765,-122.41541254743088,103.25,378.05,23.18,19.09,9.3,46.64,21.79,54.87,8.69,1.27,Low
2024-02-26 09:07:11,37.791318865046854,-122.41928732603506,98.83,381.43,19.46,23.42,8.36,47.17,31.88,53.53,1.49,1.72,Medium
2022-07-24 01:45:37,37.765936902122725,-122.42537190690277,95.17,355.27,47.09,30.17,7.02,42.02,29.49,77.26,3.24,1.23,Medium
2021-02-05 00:24:41,37.761012232372735,-122.41432585514985,85.15,411.33,28.36,11.53,4.47,60.62,31.45,67.38,2.62,2.54,Medium
2024-09-17 23:49:06,37.78571957434006,-122.40076199179549,116.0,440.6,32.99,28.36,6.16,47.28,21.6,54.11,9.35,0.44,High
2023-04-09 02:19:18,37.78011050112337,-122.42171757158422,124.0,363.88,24.0,26.74,9.65,61.42,20.18,44.8,0.89,2.43,Low
2020-02-07 15:39:43,37.774261835038416,-122.41838954613128,129.14,398.43,40.45,6.17,4.25,41.67,24.88,74.87,0.65,0.87,Medium
2021-11-19 13:20:59,37.77434180297933,-122.42251905736121,87.42,407.91,33.15,20.72,4.1,43.69,20.82,41.92,4.8,1.55,Medium
2023-07-04 07:38:25,37.77325365358411,-122.43074921769592,114.57,403.35,54.52,12.16,5.5,40.3,25.4,43.33,2.95,0.46,Medium
2022-06-04 17:05:25,37.763877008899826,-122.41899092691203,116.46,407.97,27.3,21.06,7.9,49.59,36.53,35.54,2.85,0.31,Medium
2023-10-09 18:14:50,37.781611791712265,-122.41276872785824,129.01,374.41,53.87,25.31,8.92,49.21,18.27,54.2,1.75,0.38,Medium
2023-04-23 05:50:08,37.79219071355353,-122.40434813438034,102.36,396.04,25.97,21.23,6.78,42.56,24.3,83.14,3.8,1.69,Medium
2023-03-24 06:35:44,37.78959692487339,-122.43867178787586,89.0,320.63,31.19,15.89,8.78,57.46,22.67,64.83,2.61,0.44,Low
2023-06-23 13:11:49,37.77322058497264,-122.40481288989658,144.82,438.78,31.58,27.66,6.58,38.48,27.77,73.58,9.87,1.32,High
2022-11-07 18:02:33,37.75525099020248,-122.4393310071156,86.84,407.57,27.93,21.54,7.57,44.06,28.2,44.65,8.16,2.67,Medium
2025-12-09 02:07:06,37.77252614430196,-122.41234412054024,92.28,404.54,2.54,23.83,7.49,54.46,28.68,87.54,3.35,0.87,Medium
2025-12-10 01:55:44,37.75872142437447,-122.43494955010762,143.09,444.22,38.96,15.29,6.54,40.61,27.1,36.54,4.17,2.31,High
2023-07-01 00:51:54,37.77514957066389,-122.41786682682961,131.98,426.0,25.35,13.95,8.64,34.1,32.76,64.58,3.87,2.93,Medium
2020-12-03 22:53:46,37.76358986289924,-122.43679451045315,134.62,417.81,41.97,20.0,7.43,36.92,31.0,39.63,2.22,1.43,Medium
2024-08-11 07:53:09,37.790316292917346,-122.41226125533981,137.32,412.01,47.44,40.97,9.26,46.84,32.28,37.02,4.09,2.43,Medium
2024-02-04 06:50:29,37.790377295852686,-122.42296627290077,106.01,379.91,29.36,17.6,6.66,47.19,25.45,60.17,3.58,0.55,Low
2022-03-24 00:35:23,37.778381035277356,-122.41057318707003,109.53,400.88,40.69,26.67,10.09,51.46,19.84,38.06,8.11,0.78,Medium
2021-12-12 20:58:57,37.75651125032665,-122.40631499030884,122.54,417.05,35.44,15.67,5.81,52.79,26.1,87.3,9.41,0.04,Medium
2024-07-06 12:01:50,37.78182036403852,-122.4272168021165,82.49,418.17,36.6,25.41,5.61,40.42,34.59,81.01,8.24,1.94,Medium
2020-03-22 07:50:19,37.78824430234753,-122.43590269210026,124.15,484.44,41.19,19.37,6.45,40.2,18.81,68.7,8.16,1.31,High
2023-09-20 22:20:15,37.75721994617828,-122.41760792086896,85.8,400.75,40.28,28.75,4.76,46.68,23.75,62.11,6.52,0.55,Medium
2023-12-19 05:11:23,37.75843112771874,-122.39956574283286,142.81,394.33,42.79,16.37,13.16,32.1,24.45,58.34,1.88,2.49,Medium
2024-06-05 02:15:25,37.77476495256253,-122.41762984362596,146.95,431.34,40.75,19.78,3.71,30.79,21.9,41.29,7.53,2.31,High
2025-08-02 08:06:29,37.756504663131544,-122.39998250462521,103.83,415.13,31.64,8.95,9.24,50.25,36.3,88.54,2.99,0.64,Medium
2020-02-18 14:51:22,37.757835360666085,-122.42319096868282,82.8,340.29,29.56,24.19,10.46,41.2,32.93,47.05,1.18,2.15,Low
2024-09-26 18:29:35,37.76874009651889,-122.4213517836715,132.4,387.11,35.32,28.09,7.75,50.91,30.61,86.38,7.69,0.31,Medium
2021-04-02 03:49:27,37.77469646419107,-122.42054527377194,146.94,395.27,52.08,17.36,7.94,30.3,24.95,56.99,3.93,2.48,Medium
2022-05-20 20:06:16,37.75729917088766,-122.41988169440836,134.18,408.5,22.24,24.22,6.88,33.06,29.96,45.1,3.21,1.25,Medium
2022-05-04 13:58:05,37.761855687002594,-122.4167939078129,143.85,369.81,35.85,21.71,8.13,47.98,26.85,65.34,1.6,1.21,Low
2024-08-10 14:57:40,37.76879108939505,-122.43191861657229,104.34,371.3,45.45,4.61,4.27,49.32,31.99,53.79,4.62,0.43,Medium
2020-11-18 17:12:21,37.75659883641954,-122.42089864058487,109.33,407.47,27.48,29.66,5.56,46.8,32.68,89.71,8.28,1.67,Medium
2022-08-20 17:58:20,37.771515737198754,-122.43193679842027,87.17,419.39,29.9,23.02,-0.14,52.26,18.18,61.71,8.46,0.66,Medium
2023-11-26 11:12:07,37.79082884495639,-122.42688049143278,121.13,464.75,24.94,23.35,2.28,38.86,19.13,80.83,0.93,1.96,High
2020-06-28 14:22:23,37.78266079783298,-122.41529468314857,92.92,384.24,16.15,27.77,12.19,60.57,33.16,68.98,7.98,1.0,Medium
2024-07-26 12:15:29,37.776751164191616,-122.43066247020045,117.97,404.68,52.42,12.42,11.76,44.1,31.56,72.65,2.56,2.95,Medium
2021-09-01 02:43:19,37.77632526611389,-122.43391587247702,117.69,404.28,21.28,10.52,12.81,55.69,20.17,78.55,2.12,0.11,Medium
2021-02-20 03:00:38,37.77107921070001,-122.4377219939404,127.79,399.9,41.74,5.42,7.44,49.19,18.97,72.16,7.97,2.87,Medium
2025-03-07 11:02:46,37.77989182829336,-122.42862525819189,99.88,406.88,20.18,5.47,11.52,58.49,25.77,49.03,4.29,2.42,Medium
2025-11-13 10:07:28,37.77989292568374,-122.39987653373053,110.69,370.5,29.56,30.44,12.07,29.17,23.49,73.42,1.95,0.32,Low
2022-02-21 01:31:52,37.76132231243053,-122.4123305320528,117.9,420.11,31.48,30.22,9.17,35.37,26.67,60.15,5.73,0.32,Medium
2022-09-24 16:39:43,37.76695593509669,-122.43302953222636,89.86,395.48,41.31,25.26,2.64,44.81,31.55,37.11,5.9,1.2,Medium
2022-07-03 12:13:47,37.78339450653772,-122.42001846075497,95.72,416.87,35.68,33.65,5.43,57.45,36.73,87.79,9.71,1.88,Medium
2020-08-08 02:01:32,37.792618218189425,-122.4038081167763,116.66,420.98,12.11,22.96,13.33,41.23,26.05,45.34,5.64,0.68,Medium
2020-07-16 22:57:22,37.763922159864144,-122.43183163978776,123.18,408.65,52.38,12.31,8.92,57.95,19.96,42.0,1.09,2.99,Medium
2024-07-12 07:15:49,37.75557717409703,-122.4185161905234,103.47,371.12,26.23,7.85,8.07,33.94,31.85,69.66,8.14,1.36,Low
2021-05-23 06:35:12,37.78329203728277,-122.41889011432596,145.15,411.05,54.52,22.62,10.29,32.37,25.9,72.58,8.97,0.95,Medium
2022-11-27 14:47:42,37.783481668058,-122.4112744582685,104.85,418.34,35.07,27.86,4.48,50.89,26.35,82.43,2.52,1.17,Medium
2024-05-10 17:34:43,37.79184374521846,-122.40975684781829,102.13,358.73,37.1,24.15,6.55,42.73,32.65,67.8,3.77,0.84,Low
2023-09-15 23:25:14,37.75832098070305,-122.40465281129022,99.52,398.99,27.12,12.89,5.71,46.16,27.64,84.27,2.29,0.99,Medium
2021-02-13 23:37:11,37.7603886892644,-122.43297938338877,85.38,416.53,24.14,18.33,12.06,39.81,19.39,49.17,5.67,2.22,Medium
2024-07-02 19:14:32,37.78613092939549,-122.42484855793603,131.52,400.18,55.59,20.75,11.02,75.68,23.31,86.47,4.85,0.38,Medium
2022-06-25 13:13:01,37.791963156685725,-122.41332182620063,143.89,412.68,45.82,9.88,5.89,68.15,26.38,58.02,0.87,1.3,Medium
2024-05-06 23:46:52,37.760207281862435,-122.40693765237083,127.18,405.18,37.71,7.22,9.91,43.58,30.15,43.71,5.27,2.59,Medium
2020-11-26 20:19:00,37.7904340550819,-122.40917554672703,131.02,419.82,31.23,27.88,9.16,35.28,24.65,60.04,5.57,1.53,Medium
2023-01-15 11:08:31,37.76754205180676,-122.40385566038258,119.23,390.46,26.91,40.51,3.85,47.24,28.94,89.84,5.88,0.13,Medium
2021-06-02 23:27:21,37.784769870900504,-122.41689332877374,85.83,386.24,27.6,23.47,3.19,30.56,19.35,44.43,9.85,1.41,Medium
2023-08-01 23:26:48,37.78316750833842,-122.43168991958349,128.19,400.48,44.22,15.79,8.21,43.91,20.0,83.47,3.39,1.96,Medium
2021-11-05 08:04:10,37.75655078989499,-122.40264588576467,122.64,388.55,49.55,28.76,7.75,54.81,18.4,43.72,6.6,2.15,Medium
2024-09-07 01:00:06,37.76910379065453,-122.4195735462386,140.92,339.73,34.18,20.36,7.79,54.87,32.88,42.7,6.87,0.71,Low
2020-10-01 05:50:06,37.75858321972495,-122.42981023308246,87.0,374.88,38.95,24.44,4.01,39.04,24.85,39.23,4.23,2.01,Low
2025-08-24 19:47:29,37.764697561827745,-122.43539426849046,136.52,400.75,38.23,11.78,4.47,38.26,30.79,60.14,4.3,1.78,Medium
2022-12-05 06:21:26,37.7946368043833,-122.42338477280545,91.42,385.8,42.76,11.36,8.23,71.34,26.92,38.82,5.11,1.41,Medium
2021-06-28 21:28:04,37.79067559414794,-122.43711281381879,121.79,371.28,29.04,20.59,15.32,48.01,21.83,50.03,6.58,1.4,Low
2020-08-23 00:07:45,37.79134543080521,-122.43824029020004,133.95,376.42,23.89,24.56,10.59,61.99,37.99,74.06,7.74,2.82,Low
2024-06-09 14:41:48,37.76983874287932,-122.40968487697126,114.3,382.54,11.81,8.4,9.4,44.31,31.63,52.34,7.47,0.99,Medium
2024-02-03 12:18:12,37.7700063964355,-122.4046330343181,107.09,435.01,34.03,18.21,6.79,48.52,29.19,44.14,3.17,1.56,High
2021-09-17 01:15:38,37.76112904047694,-122.40864528950031,130.31,437.65,12.5,25.11,9.53,50.78,35.83,65.96,3.84,1.82,High
2025-04-18 06:42:30,37.764023103764124,-122.433106491768,123.07,374.39,36.5,18.66,9.05,41.32,34.12,46.52,3.28,0.58,Low
2021-10-20 11:08:14,37.79376084108329,-122.42080553891482,147.88,416.04,35.34,17.55,10.51,19.34,29.07,56.4,9.98,2.93,Medium
2022-10-13 08:05:46,37.79444361916106,-122.40370559098899,109.12,384.8,55.09,18.91,9.35,40.53,29.65,52.43,6.3,2.9,Medium
2021-11-15 17:08:25,37.78056948179256,-122.41264193432957,138.26,377.57,21.47,39.59,3.79,54.49,21.65,68.91,2.72,0.24,Low
2021-04-03 21:14:10,37.78499243882694,-122.42439294406748,114.02,443.37,22.15,22.62,7.7,44.02,28.73,75.82,7.11,2.67,High
2020-09-24 00:20:21,37.770600172691836,-122.40362869125265,139.27,420.25,44.5,11.47,11.07,40.34,24.37,69.8,9.84,2.63,Medium
2023-05-04 15:33:57,37.78891451150631,-122.43669305853368,149.54,378.73,41.01,26.08,5.64,58.87,32.92,37.78,8.98,0.68,Medium
2025-12-07 05:56:11,37.79394925026804,-122.4198737617565,84.03,410.56,36.58,25.32,8.72,63.95,34.69,36.82,3.05,1.41,Medium
2023-07-08 05:34:22,37.76098465612036,-122.4337245936275,149.2,401.74,38.08,13.55,7.72,36.44,31.42,88.85,5.55,0.64,Medium
2021-09-14 14:59:22,37.756869776056334,-122.43394458428264,85.77,410.02,33.2,28.9,9.39,33.32,31.59,61.81,0.88,1.97,Medium
2021-03-05 17:02:35,37.762920380942035,-122.40384448241373,102.55,404.24,40.78,13.93,5.54,54.45,20.99,80.43,3.27,2.43,Medium
2023-11-10 08:44:02,37.78227796193853,-122.41448683052155,90.7,398.02,30.4,23.47,7.87,45.74,32.68,50.66,3.52,0.93,Medium
2020-10-21 14:29:29,37.78257970088227,-122.40928205601347,90.6,389.23,5.08,9.02,4.66,34.61,32.19,86.43,5.87,1.83,Medium
2023-04-18 15:13:16,37.756539836424324,-122.40418809130325,84.69,417.04,31.5,27.92,10.04,23.57,37.14,84.43,4.97,2.09,Medium
2025-12-06 19:44:47,37.75627975315474,-122.42636960584288,147.15,468.97,31.74,14.63,6.26,45.01,32.06,77.27,4.08,2.73,High
2020-10-23 17:00:16,37.79129718795909,-122.40776444227255,119.44,399.98,37.63,15.14,3.96,46.13,35.65,53.88,4.18,2.02,Medium
2023-02-08 17:56:54,37.783805988094436,-122.41050782682682,137.06,432.46,21.95,8.91,7.98,23.39,25.8,79.54,4.37,0.08,High
2024-01-15 21:18:02,37.79244401263179,-122.41288787654497,139.1,430.77,27.72,30.68,3.93,44.08,23.84,77.8,8.99,2.17,High
2022-01-06 07:09:24,37.78748617802376,-122.42779797150817,149.4,414.48,45.58,14.75,10.11,30.13,37.69,81.98,9.34,2.37,Medium
2023-05-11 01:21:47,37.76627375639279,-122.4132422531128,117.44,382.69,16.56,34.06,7.39,44.09,32.89,76.04,6.87,1.93,Medium
2021-08-26 05:54:12,37.785566899413446,-122.40184816360988,109.91,395.86,53.41,28.26,5.35,39.14,24.1,62.21,2.27,2.79,Medium
2023-10-04 02:24:22,37.76106624198501,-122.42127306352424,141.17,414.69,47.07,21.5,6.58,40.67,29.51,60.48,6.77,2.38,Medium
2022-02-10 08:05:32,37.76315546968993,-122.41736349440208,87.75,376.82,26.96,12.79,7.28,45.71,30.2,73.96,6.77,0.34,Low
2022-12-25 00:01:47,37.7811685347204,-122.42090656481346,136.28,394.67,35.56,15.23,5.86,48.98,30.78,61.23,9.88,2.15,Medium
2020-02-06 08:28:05,37.794118366834184,-122.41787539498021,111.86,340.38,19.87,5.98,8.73,44.82,34.84,61.14,7.32,1.01,Low
2022-12-06 23:44:59,37.79016225044272,-122.43489153269005,114.08,419.87,39.31,17.57,10.17,31.62,21.31,57.27,9.04,0.5,Medium
2023-09-28 17:48:46,37.77799225672759,-122.41529954649786,124.81,383.42,16.59,16.61,9.43,42.1,23.84,67.85,7.31,1.34,Medium
2023-04-16 01:16:09,37.77338923863631,-122.40197312547673,107.43,344.13,55.43,11.23,1.16,49.9,37.8,51.62,3.14,2.59,Medium
2022-11-11 05:05:31,37.77346782489687,-122.41550543700157,91.23,420.49,16.93,31.68,8.76,53.51,23.82,67.27,6.25,0.37,Medium
2025-07-24 08:20:58,37.782800875544325,-122.4364866908404,145.71,368.03,43.52,19.47,7.71,35.22,36.76,47.8,0.83,2.38,Medium
2023-08-24 07:51:16,37.785212481275686,-122.42493236754798,131.68,382.6,33.09,34.28,7.5,31.72,33.18,78.14,9.27,1.13,Medium
2020-02-15 04:21:44,37.784941318461506,-122.42581392619931,109.97,387.47,54.08,14.24,8.72,51.04,27.43,77.86,6.59,0.18,Medium
2021-08-17 15:35:10,37.76742332677406,-122.4240335926763,143.66,411.79,46.55,15.49,6.97,49.47,19.28,42.49,2.22,1.9,Medium
2025-05-05 19:53:54,37.78575759076378,-122.43748734589026,130.25,355.28,31.96,25.43,7.31,41.58,29.25,86.85,5.37,0.34,Low
2021-10-07 14:31:27,37.76789291260557,-122.40783639393614,103.88,413.53,30.82,5.87,9.2,46.82,22.41,68.81,8.77,2.09,Medium
2020-05-20 16:09:40,37.77764911766593,-122.42133453261266,110.45,410.35,29.98,17.7,8.41,39.35,32.31,55.5,6.96,2.14,Medium
2020-11-10 18:47:13,37.76946895734906,-122.41339375117046,140.32,405.93,31.66,22.81,11.8,38.16,21.39,82.45,5.23,0.74,Medium
2024-03-15 16:22:12,37.784990778437816,-122.4366999508451,95.2,414.01,62.73,13.36,4.18,34.85,18.83,36.79,3.15,1.59,High
2024-01-02 01:38:40,37.79106654735825,-122.43017461417354,100.4,396.54,49.04,19.96,6.67,29.74,29.27,39.23,8.1,2.78,Medium
2021-06-27 13:05:13,37.78095601434804,-122.4180038086324,112.15,413.8,11.13,20.24,9.69,37.8,22.09,72.82,3.82,1.54,Medium
2024-05-07 18:45:23,37.78907691841311,-122.41588103006518,99.38,440.8,23.88,18.32,6.46,37.3,22.43,45.77,1.74,2.8,High
2021-07-01 00:49:03,37.773370932172455,-122.43822295733997,103.79,378.11,13.89,26.94,7.85,40.63,20.12,69.05,6.39,0.11,Low
2022-04-24 05:44:28,37.79007286637061,-122.43321711394101,140.3,371.96,17.59,19.3,7.3,40.83,25.42,44.5,2.9,2.63,Low
2022-05-13 02:41:53,37.76527566429684,-122.41755008129589,96.63,397.91,33.85,36.18,7.0,37.24,24.39,43.32,8.2,2.28,Medium
2021-04-18 12:46:01,37.777853102943354,-122.42878774519518,126.73,417.12,9.64,0.96,7.25,51.11,18.1,86.35,5.36,2.1,Medium
2024-08-06 04:51:21,37.762004792778214,-122.4330332986208,126.02,408.7,39.65,37.48,11.41,36.61,28.64,68.47,4.24,2.89,Medium
2025-12-10 09:31:22,37.777806823327644,-122.41071252441098,132.16,396.27,16.77,20.29,5.85,40.26,24.7,56.53,9.9,0.62,Medium
2020-09-17 13:44:12,37.79363193258641,-122.41981841831623,128.75,396.88,33.25,12.28,8.07,58.87,32.05,76.02,2.91,2.63,Medium
2025-02-15 15:38:47,37.77161275224425,-122.40938750246481,118.36,429.94,29.52,5.64,12.16,58.59,36.44,43.34,5.89,2.29,Medium
2025-10-06 15:17:00,37.75694718942673,-122.41039972702211,81.63,365.84,48.18,16.19,11.21,41.11,37.31,58.95,5.81,1.89,Medium
2021-06-23 11:53:50,37.76561006662158,-122.41652404129358,147.53,386.15,25.84,20.79,5.76,36.81,37.81,76.62,8.45,1.72,Medium
2024-06-21 17:31:59,37.76615354344183,-122.41558721816868,128.31,379.89,46.24,17.89,7.98,49.06,25.81,60.96,8.6,1.94,Medium
2025-08-23 16:00:28,37.78144856661806,-122.42222464013338,139.42,418.18,45.82,24.3,13.36,46.78,27.34,60.83,4.1,2.79,Medium
2020-07-25 15:59:56,37.78208207449141,-122.42995312070069,106.39,387.42,74.41,26.27,7.2,53.69,36.17,59.28,7.59,2.79,High
2024-10-14 10:09:30,37.780535666593494,-122.40161163796698,87.87,366.0,32.45,12.31,7.84,51.88,25.09,83.81,9.77,1.67,Low
2021-05-18 11:03:46,37.77248569282099,-122.42731235892288,84.7,424.88,25.76,14.96,14.82,54.4,30.17,56.35,4.5,2.5,Medium
2021-11-22 07:20:20,37.76558738068683,-122.43069543902205,137.66,441.65,42.82,14.25,6.31,39.75,33.83,83.61,7.02,0.8,High
2021-08-10 14:40:41,37.77727608463593,-122.43756894642284,145.23,398.93,56.8,22.58,8.47,39.68,33.29,77.82,7.82,0.68,Medium
2025-04-25 14:25:39,37.792357856912474,-122.42782203222782,128.25,404.75,34.21,19.96,5.14,26.73,30.91,42.21,7.31,2.94,Medium
2024-05-24 05:48:16,37.762081570087986,-122.42209408701487,103.98,381.11,43.64,19.63,3.17,55.5,34.53,51.03,2.07,2.12,Medium
2023-10-28 04:50:09,37.78918790348899,-122.43699912809646,126.52,372.43,29.98,16.48,10.55,28.51,26.05,75.29,3.93,2.08,Low
2020-05-08 07:42:08,37.783671512006094,-122.42183231337269,135.08,436.77,37.05,25.81,9.66,38.86,37.12,66.91,6.98,1.01,High
2025-02-24 18:12:37,37.7845982107078,-122.43609072770715,116.64,403.37,47.01,26.25,8.67,54.9,29.73,69.81,8.14,2.94,Medium
2022-04-11 08:05:55,37.78758321549767,-122.40996022530405,133.93,427.2,38.5,18.44,7.25,40.91,31.26,72.05,3.48,2.1,Medium
2024-04-07 22:40:43,37.79020473100873,-122.43049223953082,87.9,384.85,57.35,23.2,8.99,40.34,28.11,70.76,3.56,0.12,Medium
2020-02-19 03:25:32,37.76258039106094,-122.42789713004431,148.8,421.55,50.12,15.51,11.29,43.4,32.08,36.26,3.3,1.67,Medium
2023-12-05 08:21:03,37.7686869256405,-122.42540285864914,118.01,422.65,45.01,13.75,11.73,22.83,18.32,65.93,1.68,0.24,Medium
2025-03-17 11:23:29,37.79422065722825,-122.43708009710109,120.85,408.82,46.78,16.55,4.01,37.29,35.15,55.61,0.66,1.17,Medium
2020-11-02 15:53:34,37.75716860553129,-122.41587628833943,132.94,359.29,13.77,19.49,4.36,51.49,19.46,67.99,5.5,1.55,Low
2021-04-02 03:11:10,37.78179086030537,-122.42559370143455,81.23,401.06,25.02,11.32,4.59,49.05,26.26,61.54,4.86,2.92,Medium
2023-07-26 21:45:19,37.75529533151102,-122.42587641913478,101.19,402.17,48.17,9.14,5.64,33.9,22.92,51.15,6.28,1.12,Medium
2021-05-06 00:38:26,37.78549349588411,-122.42318972877712,132.38,407.21,34.99,25.21,5.74,43.41,35.85,48.55,1.11,1.61,Medium
2020-12-25 08:04:14,37.78835584029136,-122.4212238576472,121.37,417.74,35.66,22.75,8.55,37.98,19.42,62.49,8.8,0.98,Medium
2023-12-28 05:51:11,37.768744161155404,-122.4066008076767,106.88,374.12,35.58,39.69,5.71,49.85,36.41,70.4,3.07,0.37,Low
2022-12-05 02:39:04,37.77013033162873,-122.42608396615252,139.9,405.46,47.08,30.75,8.31,39.15,19.65,77.27,2.1,0.05,Medium
2022-01-22 18:58:46,37.77660637128547,-122.424503052153,135.29,436.61,34.06,15.78,12.63,32.69,37.33,63.07,9.88,0.91,High
2024-08-07 08:23:30,37.7781258320144,-122.40125586528997,125.53,375.29,41.4,1.62,7.62,59.12,27.21,38.46,9.1,1.63,Medium
2022-02-01 11:17:38,37.77701477574103,-122.41637044270028,95.0,396.59,5.35,5.88,3.81,52.15,29.63,48.25,4.74,0.37,Medium
2024-11-04 06:59:11,37.79337930480001,-122.41851082820918,118.72,428.89,41.04,22.21,11.57,21.19,25.9,58.33,2.8,0.98,Medium
2023-04-10 22:04:49,37.75855666196458,-122.43300857751545,106.81,384.44,33.16,23.34,9.57,66.7,34.31,69.51,0.5,2.29,Medium
2021-11-15 05:00:45,37.78441945529101,-122.40260261072874,82.94,388.23,28.19,16.2,5.51,37.29,28.48,49.81,8.38,0.02,Medium
2024-06-17 00:33:58,37.77355248863784,-122.4219517081407,139.68,412.9,52.68,30.58,8.92,66.43,30.16,56.03,9.88,2.12,Medium
2024-10-01 22:54:05,37.78225921330241,-122.4008642648652,95.06,454.18,48.21,2.9,8.97,29.33,18.95,66.49,3.69,0.55,High
2020-10-11 19:24:30,37.78608592822992,-122.42916185339,90.52,403.79,48.26,6.42,9.16,35.67,35.26,51.12,4.78,0.68,Medium
2025-10-03 19:35:53,37.78797572935303,-122.43635595776666,104.39,412.22,47.75,26.3,6.56,35.12,37.53,87.09,3.91,0.42,Medium
2020-07-15 12:39:26,37.77911542432051,-122.41474769400612,91.92,299.52,29.19,35.15,6.51,45.18,33.29,80.95,6.38,2.25,Low
2021-11-02 01:09:22,37.77363083721058,-122.41219148382324,123.5,424.39,43.3,30.93,8.17,51.02,33.05,44.41,8.38,1.65,Medium
2023-07-18 03:48:10,37.788460544126394,-122.4102261786268,105.86,399.91,46.12,34.79,6.98,40.19,24.82,45.75,1.93,0.17,Medium
2025-01-14 03:35:40,37.775469678716895,-122.431068745655,122.6,379.87,52.08,20.57,15.97,51.27,34.03,70.68,3.58,2.78,Medium
2022-07-04 05:50:32,37.78258300367633,-122.40556272857363,104.96,379.26,42.44,9.52,7.67,59.07,33.99,62.8,4.08,2.09,Medium
2023-11-22 22:16:04,37.7622363785447,-122.4082843943043,94.05,391.66,51.58,18.2,11.65,47.14,22.97,55.5,7.58,1.47,Medium
2024-07-08 04:33:15,37.760940524697084,-122.41035676973287,113.46,406.6,44.44,29.71,2.06,36.75,33.09,52.77,7.98,2.04,Medium
2024-02-19 01:58:03,37.78331679204963,-122.43574603091318,147.94,395.08,24.28,19.23,9.35,59.04,21.57,54.98,3.27,1.8,Medium
2024-09-22 02:16:59,37.77546682186831,-122.41206013531607,85.27,376.51,24.28,19.1,3.33,52.08,23.75,39.22,3.45,1.52,Low
2020-11-01 16:35:35,37.77445503043014,-122.41792367968343,138.3,374.44,29.06,25.27,8.23,57.76,33.14,63.51,6.65,1.22,Low
2025-12-03 13:48:53,37.75889068490489,-122.40785161908745,127.94,401.72,33.86,24.81,7.21,49.92,35.98,77.54,8.78,0.64,Medium
2022-07-28 04:46:59,37.76729608909349,-122.4097674963396,81.73,382.36,32.5,15.77,9.19,45.8,36.97,50.97,4.82,2.08,Medium
2020-02-25 13:38:56,37.75961948833298,-122.4110526112476,104.37,425.36,32.16,13.33,10.72,42.49,28.19,74.44,0.93,1.67,Medium
2023-11-02 02:50:19,37.78731330030303,-122.43315039415579,107.23,411.68,37.15,32.18,9.31,35.56,31.09,82.95,9.71,1.02,Medium
2023-10-22 16:19:19,37.78137317158713,-122.43664877369208,105.34,375.28,25.63,16.09,1.84,37.75,31.64,88.15,3.95,0.19,Low
2024-08-07 11:35:23,37.79101651567867,-122.43783212658177,116.07,407.08,39.95,23.86,4.36,47.43,27.37,84.36,5.32,2.06,Medium
2021-03-27 19:23:02,37.768580752999114,-122.43282403909119,99.89,404.6,33.13,33.49,3.62,31.11,21.89,59.61,6.43,0.42,Medium
2025-04-14 01:22:43,37.76028635706497,-122.40871136187309,123.23,409.48,49.46,20.86,9.17,48.78,32.29,63.83,3.09,2.56,Medium
2022-07-06 13:54:58,37.774794052925074,-122.4114736942392,120.89,407.11,17.11,17.78,11.35,34.41,22.48,69.19,6.1,2.91,Medium
2022-06-02 23:44:58,37.75649710635221,-122.40636578316561,114.63,367.06,21.61,17.52,9.11,40.57,30.5,79.6,3.64,0.52,Low
2024-02-15 16:44:06,37.789991209254055,-122.43524434582342,82.27,386.9,39.35,20.96,4.65,38.63,29.24,64.58,6.11,1.04,Medium
